"","Comp. 1","Comp. 2","Comp. 3","Comp. 4","Comp. 5"
"Betonicine",1.5881,1.5715,1.5677,1.5666,1.5664
"3-Aminobutyric acid",1.5807,1.5642,1.5604,1.5593,1.5592
"Glucose 6-phosphate",1.5747,1.5579,1.5541,1.553,1.5529
"O-Succinylhomoserine",1.5694,1.5559,1.5532,1.5521,1.5519
"S-Lactoylglutathione",1.5619,1.5448,1.541,1.54,1.5398
"Ethanolamine phosphate",1.5548,1.5378,1.5339,1.5329,1.5327
"Fructose 6-phosphate",1.551,1.5346,1.531,1.53,1.5298
"Carnitine",1.5509,1.5367,1.533,1.5319,1.5318
"GDP-mannose  GDP-galactose",1.5459,1.5296,1.5259,1.5249,1.5247
"Adipic acid",1.5444,1.5297,1.5262,1.5251,1.525
"Glucose 1-phosphate",1.5354,1.5186,1.515,1.5139,1.5138
"Spermine",1.5344,1.5211,1.5174,1.5167,1.5165
"Stachydrine",1.5224,1.5058,1.5023,1.5012,1.5011
"Pyridoxal",1.521,1.5046,1.501,1.5,1.4998
"Spermidine",1.5194,1.5037,1.5001,1.4992,1.4991
"3-Hydroxybutyric acid",1.5037,1.4873,1.484,1.483,1.4829
"Suberic acid",1.5008,1.4862,1.4827,1.4816,1.4815
"Glycerophosphocholine",1.4896,1.4861,1.4824,1.4814,1.4813
"Gly-Gly",1.4867,1.4718,1.4683,1.4677,1.4675
"N-Acetylphenylalanine",1.4862,1.4729,1.4698,1.4688,1.4686
"2,6-Diaminopimelic acid",1.4794,1.4718,1.4718,1.4709,1.4707
"N-Methylglutamic acid",1.4709,1.4573,1.4576,1.4567,1.4565
"Sorbitol 6-phosphate",1.4641,1.4494,1.4463,1.4456,1.4455
"6-Phosphogluconic acid",1.4624,1.447,1.4448,1.4439,1.4438
"Trp",1.4602,1.4498,1.4465,1.4462,1.4461
"Phosphoenolpyruvic acid",1.4512,1.4355,1.4323,1.4314,1.4313
"SDMA",1.4462,1.4324,1.4292,1.4283,1.4282
"1-Methyl-4-imidazoleacetic acid",1.4462,1.4317,1.4281,1.4281,1.428
"3-Phosphoglyceric acid",1.4435,1.4305,1.4273,1.4264,1.4263
"Choline",1.4374,1.4233,1.4203,1.4193,1.4192
"Guanidinosuccinic acid",1.4373,1.4224,1.4196,1.4186,1.4184
"Lactic acid",1.4301,1.4173,1.4138,1.4128,1.4127
"N-Acetylglucosamine 6-phosphate",1.4298,1.4147,1.4123,1.4115,1.4114
"Glutathione GSH",1.4273,1.4139,1.4104,1.4094,1.4093
"Succinic acid",1.424,1.4084,1.4049,1.4047,1.4046
"Pyruvic acid",1.4212,1.4082,1.4054,1.4044,1.4043
"Theobromine",1.4108,1.397,1.3935,1.3926,1.3925
"Ophthalmic acid",1.407,1.404,1.4017,1.401,1.4009
"5-Aminovaleric acid",1.4055,1.395,1.392,1.391,1.3908
"7,8-Dihydrobiopterin",1.4033,1.3879,1.3845,1.3835,1.3835
"3',5'-ADP",1.3952,1.3807,1.3784,1.3775,1.3774
"Lauric acid",1.3947,1.3813,1.3785,1.3777,1.3776
"Acetoacetamide",1.3922,1.377,1.3767,1.3758,1.3757
"2-Phosphoglyceric acid",1.3869,1.3731,1.37,1.3693,1.3692
"GMP",1.3823,1.3672,1.3652,1.3645,1.3643
"Argininosuccinic acid",1.3727,1.3577,1.3548,1.3539,1.3538
"Xanthopterin",1.367,1.3537,1.3506,1.3497,1.3496
"Thiaproline",1.366,1.3522,1.3488,1.348,1.3479
"Pyridoxamine 5'-phosphate",1.3659,1.351,1.3477,1.3467,1.3466
"Homovanillic acid",1.3627,1.3505,1.3475,1.3467,1.3466
"Dihydroxyacetone phosphate",1.3569,1.3481,1.3452,1.3442,1.3442
"O-Acetylcarnitine",1.3561,1.3567,1.3541,1.3536,1.3534
"2-Hydroxyisobutyric acid",1.3553,1.3409,1.3381,1.3385,1.3384
"2-Aminobutyric acid",1.3534,1.3553,1.3521,1.3514,1.3514
"Adenosine",1.3428,1.3346,1.3322,1.3314,1.3313
"2-Hydroxyvaleric acid",1.3419,1.329,1.3276,1.3267,1.3266
"Dyphylline",1.3414,1.3268,1.3242,1.3237,1.3236
"Trigonelline",1.3392,1.3282,1.3254,1.3245,1.3244
"Trimethylamine N-oxide",1.3379,1.3235,1.3205,1.3197,1.3197
"Phosphorylcholine",1.3372,1.323,1.3213,1.3207,1.3206
"Pimelic acid",1.3317,1.3191,1.321,1.3201,1.32
"3-Hydroxy-3-methylglutaric acid",1.3232,1.3167,1.3205,1.3196,1.3195
"Arg",1.322,1.3166,1.314,1.3131,1.313
"Pantothenic acid",1.3212,1.3088,1.3131,1.3122,1.3121
"Glucosamine",1.3028,1.2891,1.2859,1.2852,1.2852
"Isobutyryl CoA_divalent",1.2964,1.2899,1.2871,1.2866,1.2865
"Cys",1.295,1.2881,1.2856,1.2847,1.2846
"S-Methylmethionine",1.2926,1.2833,1.2808,1.2803,1.2802
"N-Acetyl-beta-alanine",1.2815,1.2853,1.2825,1.2816,1.2815
"Adenine",1.2743,1.2633,1.261,1.2608,1.2607
"5-Oxoproline",1.2729,1.2624,1.2609,1.2609,1.2608
"gamma-Butyrobetaine",1.272,1.2627,1.2616,1.2608,1.2608
"Ala",1.271,1.2695,1.2668,1.266,1.2659
"Ganciclovir",1.2644,1.2652,1.2625,1.2617,1.2616
"2,4-Diaminobutyric acid",1.2622,1.2538,1.2513,1.2511,1.251
"GABA",1.2569,1.2531,1.2515,1.2506,1.2505
"Cholic acid",1.2494,1.2369,1.2355,1.2346,1.2345
"2-Deoxyglucose 6-phosphate",1.2458,1.2338,1.2368,1.236,1.2358
"gamma-Glu-Cys",1.2309,1.2268,1.2238,1.223,1.223
"ADP-ribose",1.229,1.2158,1.2135,1.2144,1.2143
"N-Acetylhistidine",1.2129,1.2002,1.1973,1.1964,1.1963
"CDP-choline",1.2122,1.205,1.2024,1.2023,1.2022
"gamma-Glu-2-aminobutyric acid",1.2097,1.2362,1.236,1.2351,1.235
"Hypoxanthine",1.2018,1.1908,1.1897,1.1897,1.1897
"N-Acetylleucine",1.1917,1.1798,1.1794,1.1793,1.1792
"Met",1.1909,1.1883,1.1868,1.1871,1.187
"Asp",1.1901,1.1811,1.1782,1.1776,1.1776
"3-Aminoisobutyric acid",1.1828,1.1986,1.1956,1.1949,1.1948
"Glyceraldehyde 3-phosphate",1.1771,1.1793,1.1764,1.1756,1.1757
"N-Acetylornithine",1.1749,1.1663,1.1636,1.1634,1.1634
"Gly-Leu",1.1729,1.1652,1.1624,1.1626,1.1625
"N5-Ethylglutamine",1.1655,1.1709,1.1686,1.1679,1.1677
"Glycolic acid",1.1638,1.1532,1.1538,1.1534,1.1533
"UDP",1.1613,1.1664,1.1643,1.1639,1.1638
"Guanosine",1.1603,1.1568,1.1548,1.1542,1.1542
"N-Acetylglucosamine 1-phosphate",1.1559,1.1433,1.1461,1.1456,1.1455
"Phosphocreatine",1.1559,1.1443,1.1441,1.1443,1.1442
"Malic acid",1.1469,1.142,1.1397,1.1391,1.1391
"beta-Ala",1.142,1.1458,1.1464,1.1456,1.1455
"Trehalose 6-phosphate",1.1403,1.1305,1.1309,1.1302,1.1301
"1-Methyladenosine",1.1403,1.133,1.131,1.1316,1.1317
"N,N-Dimethylglycine",1.1375,1.1255,1.1235,1.1229,1.123
"Hexylamine",1.1375,1.1251,1.1223,1.1217,1.1219
"Propionic acid",1.1345,1.1265,1.1244,1.124,1.124
"1-Methylhistidine  3-Methylhistidine",1.1309,1.1436,1.141,1.1402,1.1401
"Betaine aldehyde_H2O",1.1307,1.1244,1.1222,1.1216,1.1215
"Fructose 1,6-diphosphate",1.1285,1.1425,1.1413,1.1405,1.1404
"GDP",1.1256,1.1154,1.113,1.1125,1.1124
"AMP",1.1249,1.1133,1.1111,1.1115,1.1114
"Ornithine",1.1061,1.106,1.1038,1.103,1.1031
"Acetyl CoA_divalent",1.1055,1.1276,1.1257,1.1249,1.1248
"Sedoheptulose 7-phosphate",1.1019,1.0899,1.088,1.0874,1.0875
"Quinolinic acid",1.0965,1.0871,1.0883,1.088,1.0879
"Cytosine",1.0875,1.094,1.0969,1.0992,1.0991
"Isocitric acid",1.0716,1.0799,1.0793,1.0786,1.0786
"CoA_divalent",1.0677,1.0561,1.0535,1.0556,1.0556
"Thr-Asp",1.0638,1.0583,1.0566,1.0561,1.0561
"Ectoine",1.0595,1.0537,1.0526,1.0521,1.0522
"Betaine",1.0594,1.0658,1.0642,1.0635,1.0634
"Gln",1.0564,1.0522,1.054,1.0541,1.054
"Sarcosine",1.0553,1.0491,1.0479,1.0472,1.0472
"Urea",1.0526,1.0525,1.0512,1.0512,1.0511
"p-Nitrophenyl phosphate",1.0525,1.0452,1.0489,1.0483,1.0482
"Mucic acid",1.0525,1.0445,1.0498,1.0491,1.049
"Putrescine",1.0449,1.0335,1.0314,1.0307,1.0309
"4-Guanidinobutyric acid",1.0411,1.0352,1.0336,1.0332,1.0333
"cis-Aconitic acid",1.0334,1.0344,1.0352,1.0345,1.0344
"Homoserine",1.0296,1.0334,1.031,1.0303,1.0304
"Ascorbic acid",1.0285,1.0173,1.0251,1.0247,1.0246
"UTP",1.0283,1.0676,1.0676,1.0669,1.0668
"Ser-Glu",1.0197,1.0099,1.0076,1.0074,1.0075
"Tyr-Glu",1.0145,1.0089,1.0063,1.006,1.0061
"Fumaric acid",1.0121,1.0108,1.01,1.0096,1.0096
"5,6,7,8-Tetrahydrobiopterin",1.0104,1.0054,1.0055,1.0051,1.005
"Cysteic acid",1.006,1.0169,1.0164,1.0167,1.0166
"ATP",1.0013,1.031,1.0285,1.0278,1.0278
"Uridine",0.99529,0.9984,0.99637,0.99688,0.9968
"2,3-Diphosphoglyceric acid",0.9867,0.99996,0.99756,0.99855,0.99855
"2-Methylserine",0.98535,0.99625,0.99411,0.99345,0.99336
"Pyridine-2-carboxylic acid butyl ester",0.98535,0.97458,0.9724,0.97313,0.97307
"Thiamine phosphate",0.98079,0.97817,0.97838,0.97787,0.97786
"Cytidine",0.96993,0.98053,0.97925,0.97866,0.97874
"Isethionic acid",0.96816,0.96144,0.96286,0.96221,0.96245
"N-Acetylglucosamine",0.96123,0.95081,0.95707,0.95834,0.95836
"6-Hydroxyhexanoic acid",0.95398,0.94659,0.94424,0.94632,0.94649
"Oxypurinol",0.95093,0.9426,0.94338,0.94309,0.94336
"Creatine",0.94198,0.93197,0.93573,0.93634,0.93626
"S-Adenosylhomocysteine",0.93734,0.93656,0.93463,0.93399,0.93415
"Citric acid",0.93663,0.93323,0.93179,0.93132,0.93131
"Ser",0.92916,0.91909,0.91744,0.91768,0.91803
"Xanthine",0.9277,0.91872,0.91778,0.91722,0.91764
"3'-Dephospho CoA",0.92345,0.91764,0.91871,0.91839,0.91838
"Cystathionine",0.92235,0.92121,0.91976,0.91927,0.91949
"Gluconic acid",0.92117,0.91174,0.91126,0.91064,0.91097
"Hypotaurine",0.91565,0.90789,0.90757,0.907,0.90713
"Thiamine",0.90539,0.93174,0.92968,0.92909,0.92905
"Xanthosine",0.90324,0.89413,0.89312,0.89337,0.89366
"Guanidoacetic acid",0.90197,0.8923,0.89697,0.89719,0.89716
"Arg-Glu",0.89572,0.90894,0.90694,0.90836,0.9083
"Asn",0.8925,0.88281,0.88114,0.88469,0.88467
"Serotonin",0.87875,0.89994,0.89831,0.90026,0.90017
"Val",0.87079,0.86143,0.85934,0.86033,0.86069
"Urocanic acid",0.865,0.87119,0.86904,0.86847,0.86854
"5-Oxo-2-tetrahydrofurancarboxylic acid",0.85745,0.87719,0.87512,0.8747,0.87468
"FAD_divalent",0.8561,0.84908,0.84853,0.8489,0.84882
"Hydroxyproline",0.85244,0.87135,0.86917,0.86918,0.86928
"1-Methyl-2-pyrrolidone",0.83848,0.83624,0.83643,0.83787,0.83805
"omega-N-Methylarginine",0.82964,0.85484,0.85353,0.85295,0.85303
"Uracil",0.82922,0.84295,0.84145,0.84234,0.84227
"1H-Imidazole-4-propionic acid",0.82042,0.83527,0.83537,0.8349,0.83493
"Glycerol 3-phosphate",0.81944,0.81049,0.81357,0.81316,0.81373
"NADH",0.81659,0.84343,0.84198,0.84258,0.84254
"Taurocholic acid",0.81343,0.8499,0.84989,0.84958,0.84958
"5-Methoxyindoleacetic acid",0.80384,0.81289,0.81472,0.81418,0.81425
"Pro",0.79954,0.8105,0.80856,0.80817,0.80856
"trans-Glutaconic acid  Itaconic acid",0.78694,0.78923,0.78794,0.79115,0.79112
"GTP",0.78447,0.80789,0.80811,0.80784,0.808
"Lys",0.77834,0.78235,0.78125,0.78179,0.78214
"Octanoyl CoA_divalent",0.77679,0.7916,0.79373,0.79318,0.79315
"Ribose 5-phosphate",0.7762,0.77326,0.7724,0.77355,0.77404
"ADP-glucose  GDP-fucose",0.77452,0.76655,0.76466,0.76413,0.76475
"Cyclohexylamine",0.77231,0.76544,0.76384,0.76346,0.76387
"ADP",0.75296,0.7911,0.78974,0.7892,0.78921
"N6-Acetyllysine",0.75287,0.76394,0.76438,0.7655,0.76586
"UDP-glucose  UDP-galactose",0.74169,0.80156,0.80053,0.80013,0.80006
"Taurine",0.72589,0.71826,0.72793,0.72755,0.72767
"Rhein",0.7201,0.77778,0.77881,0.77827,0.7782
"Diethanolamine",0.71898,0.74324,0.74797,0.74868,0.74884
"His",0.71857,0.71077,0.71661,0.71845,0.71849
"Triethanolamine",0.71318,0.72007,0.71827,0.71963,0.72014
"N-Acetylneuraminic acid",0.71033,0.7227,0.72181,0.72136,0.72131
"Hexanoic acid",0.67484,0.66856,0.66689,0.67189,0.67184
"Glu",0.67039,0.68301,0.68214,0.68218,0.68219
"N8-Acetylspermidine",0.65633,0.74811,0.7566,0.75687,0.75687
"Carboxymethyllysine",0.65633,0.65581,0.65728,0.65687,0.65687
"CMP-N-acetylneuraminate",0.6473,0.65641,0.6596,0.65976,0.65987
"Citrulline",0.63926,0.63565,0.64947,0.64902,0.64946
"ADMA",0.63883,0.74904,0.76245,0.76196,0.76207
"Tyr",0.63342,0.65722,0.65637,0.66113,0.66108
"Cysteine glutathione disulphide",0.62176,0.62635,0.6282,0.6291,0.62919
"Imidazole-4-acetic acid",0.61753,0.62,0.61999,0.62009,0.62013
"CDP",0.61363,0.66783,0.66649,0.66603,0.66611
"Nicotinic acid",0.58394,0.65948,0.65791,0.65751,0.65761
"Ribulose 1,5-diphosphate",0.58063,0.62917,0.62829,0.62948,0.62966
"UDP-glucuronic acid",0.57239,0.61682,0.61545,0.61822,0.61816
"N-Methylproline",0.53709,0.6407,0.64609,0.6504,0.65035
"5-Oxohexanoic acid",0.53589,0.53071,0.52954,0.52916,0.53026
"N-Carbamoylaspartic acid",0.53589,0.53039,0.53025,0.53274,0.53271
"dTTP",0.53589,0.53039,0.53025,0.53274,0.53271
"Ile",0.52978,0.52405,0.52473,0.53059,0.53118
"N-Acetylglutamic acid",0.52606,0.5689,0.57034,0.57061,0.57064
"Tyramine",0.50839,0.56549,0.56538,0.56683,0.56685
"4-Amino-3-hydroxybutyric acid",0.50839,0.58079,0.58586,0.58554,0.58555
"3-Indoxylsulfuric acid",0.50738,0.50211,0.50804,0.51131,0.51158
"Thr",0.49993,0.50811,0.50728,0.50909,0.51022
"NADPH_divalent",0.49659,0.52402,0.5338,0.53725,0.53727
"Glycocholic acid",0.48473,0.48836,0.49059,0.49094,0.4909
"Pelargonic acid",0.48006,0.48108,0.48102,0.48867,0.48874
"Pterin",0.46028,0.45646,0.45651,0.4566,0.45658
"Benzoic acid",0.45934,0.49747,0.53496,0.53459,0.53454
"Kynurenine",0.45664,0.45208,0.46622,0.4659,0.46585
"2,3-Diaminopropionic acid",0.4561,0.49842,0.521,0.52113,0.52108
"UDP-N-acetylglucosamine",0.42573,0.42367,0.42348,0.42401,0.42406
"Isopropanolamine",0.4253,0.45819,0.47237,0.47269,0.47313
"Glyceric acid",0.4186,0.41727,0.44183,0.44227,0.44352
"Glutaric acid",0.4177,0.47369,0.47347,0.47566,0.47577
"S-Nitrosoglutathione",0.41524,0.48354,0.4902,0.48986,0.49004
"Methionine sulfoxide",0.41169,0.41369,0.41744,0.42268,0.42276
"Isonicotinamide  Nicotinamide",0.40035,0.39604,0.39534,0.40356,0.40383
"Phenaceturic acid",0.39821,0.45506,0.45732,0.46096,0.46092
"1-Pyrroline 5-carboxylic acid",0.38885,0.43691,0.44364,0.44345,0.44362
"Carnosine",0.37457,0.44899,0.44787,0.44935,0.44983
"Glucaric acid",0.37259,0.41365,0.41564,0.4155,0.4155
"5-Methyltetrahydrofolic acid",0.37126,0.40535,0.43852,0.442,0.44197
"N-Acetylmethionine",0.371,0.43375,0.43316,0.43514,0.43534
"Cysteinesulfinic acid",0.36493,0.3611,0.39022,0.39088,0.39105
"Leu",0.36334,0.36631,0.36783,0.37884,0.37938
"5'-Deoxy-5'-methylthioadenosine",0.35285,0.37125,0.4101,0.41014,0.4101
"Glucuronic acid",0.31528,0.32323,0.36897,0.37113,0.37142
"N1-Acetylspermidine",0.29854,0.30482,0.3381,0.34244,0.34261
"UMP",0.2937,0.29283,0.30594,0.30731,0.30803
"S-Adenosylmethionine",0.29194,0.3253,0.35596,0.35684,0.35692
"Phe",0.28422,0.29003,0.29066,0.30727,0.3078
"Glutathione GSSG_divalent",0.27002,0.31659,0.32287,0.32317,0.32355
"CMP",0.26909,0.36764,0.36773,0.37186,0.37221
"Gly",0.26812,0.29571,0.30172,0.30151,0.30246
"Propionyl CoA_divalent",0.25384,0.31639,0.31622,0.31604,0.31669
"Inosine",0.24924,0.28499,0.28464,0.28916,0.29058
"Gly-Asp",0.24186,0.27312,0.29875,0.3006,0.30125
"Ergothioneine",0.23663,0.28317,0.3121,0.3124,0.31237
"Isovaleric acid",0.23395,0.26696,0.27191,0.27343,0.27344
"Anthranilic acid",0.21568,0.2236,0.22511,0.23526,0.23523
"Isobutylamine",0.21103,0.22304,0.22459,0.23031,0.2303
"2-Hydroxy-4-methylvaleric acid",0.2093,0.22851,0.24194,0.24179,0.24393
"1-Methylhistamine",0.20584,0.25592,0.2962,0.30045,0.30044
"N-Ethylmaleimide_H2O",0.17718,0.20923,0.20908,0.23035,0.23044
"1-Methylnicotinamide",0.16915,0.18121,0.18189,0.18921,0.19113
"Histamine",0.16874,0.19863,0.21909,0.23397,0.23404
"Ala-Ala",0.13331,0.29384,0.29311,0.2974,0.29809
"Threonic acid",0.13275,0.13682,0.16316,0.1686,0.16873
"6-Aminohexanoic acid",0.13171,0.13026,0.18301,0.18309,0.18331
"threo-beta-Methylaspartic acid",0.13083,0.24965,0.35639,0.35643,0.35654
"5-Aminoimidazole-4-carboxamide ribotide",0.12367,0.12275,0.12251,0.12375,0.12854
"NAD",0.12283,0.32762,0.33122,0.33211,0.33211
"Pipecolic acid",0.12222,0.23116,0.26239,0.26371,0.26404
"N-Acetylaspartic acid",0.11424,0.13578,0.15165,0.17374,0.17407
"Ribulose 5-phosphate",0.11212,0.11103,0.24813,0.24832,0.2483
"Saccharopine",0.095425,0.23412,0.24151,0.24295,0.24294
"Heptanoic acid",0.084316,0.14292,0.14346,0.16,0.16002
"IMP",0.080594,0.14093,0.14183,0.14433,0.14744
"N-Methylalanine",0.079625,0.14697,0.16026,0.16435,0.16512
"Adenylosuccinic acid",0.079185,0.11842,0.14778,0.16437,0.1652
"myo-Inositol 2-phosphate",0.070843,0.075579,0.21056,0.22703,0.22721
"Creatinine",0.051646,0.062,0.14737,0.16189,0.16214
"Uric acid",0.048739,0.060342,0.069911,0.071614,0.073483
"2-Hydroxybutyric acid",0.04861,0.29844,0.31031,0.31014,0.31028
"3-Ureidopropionic acid",0.043059,0.10892,0.1093,0.12729,0.12728
"Isobutyric acid  Butyric acid",0.02955,0.055578,0.055624,0.096429,0.096715
"2-Aminoadipic acid",0.028107,0.24825,0.26848,0.26886,0.26925
"Imidazolelactic acid",3.9664e-16,0.10911,0.15885,0.15949,0.16053
"N6,N6,N6-Trimethyllysine",1.1899e-16,0.26365,0.26964,0.2918,0.29201
"NADP",7.9328e-17,0.2783,0.28584,0.28841,0.28845
