Class,1,1,1,2,2,2,3,3,3,4,4,4,5,5,5,6,6,6,7,7,7,8,8,8,9,9,9,10,10,10
Row: Label:: Column: Sample,No1-1,No1-2,No1-3,No6-1,No6-2,No6-3,No11-1,No11-2,No11-3,No16-1,No16-2,No16-3,No21-1,No21-2,No21-3,No31-1,No31-2,No31-3,No36-1,No36-2,No36-3,No41-1,No41-2,No41-3,No46-1,No46-2,No46-3,No51-1,No51-2,No51-3
2-Hydroxypyridine::C02502,3736,2722,2391,3438,2147,2407,5118,3753,4402,4245,3899,3588,4383,3429,5290,3790,2758,3413,4492,3561,3902,4264,3958,3772,4732,4518,5568,3417,3953,4146
Pyruvate+Oxalacetic acid::C00022+C00036,251,156,172,234,163,181,211,184,190,198,181,183,194,157,209,202,184,183,147,157,160,184,174,201,226,234,250,266,306,285
Noise1(for silyl),594,440,492,536,375,447,473,402,483,464,491,432,451,400,467,530,453,428,562,503,531,526,917,530,446,411,483,450,436,458
Alanine_2TMS_Major::C00041,16355,15239,14263,20288,15808,17903,12653,13560,11157,13821,11732,11832,8748,9236,10195,9779,9215,9218,13090,12656,14172,17476,16827,17813,7752,8199,8534,10753,9927,10830
Unknown_1_Organic acid like,2274,4947,5330,4959,4956,5472,6349,3481,4597,4231,8404,3334,6204,4119,2511,4670,3916,4779,7513,7212,6038,10579,3101,4565,3330,3881,4200,7086,3785,3143
Noise6(for silyl),387,845,919,829,849,955,1063,587,806,709,1408,581,1044,700,432,800,669,834,1281,1234,1013,1812,545,783,558,671,726,1201,654,532
n-Butylamine::C18706,1390,1336,1456,1242,1157,1282,1207,993,1364,1244,1320,1127,1097,1109,1345,1707,1295,1251,1740,1428,1457,1625,1668,1059,1116,1198,1250,1423,1221,1313
Oxalate::C00209,108056,79260,83403,19787,14424,14021,25524,25973,26964,43401,30423,31398,15205,14709,9386,70533,62331,60257,30395,30285,30237,39641,34567,40945,39150,31605,31034,76053,72435,72478
Unknown_2_Organic acid like,681,522,401,726,553,526,658,462,746,1109,1116,887,847,868,703,1308,857,821,940,505,644,1075,761,832,832,789,859,610,454,518
Unknown_3_Amine like,111,121,151,97,111,129,104,106,127,116,115,120,97,99,141,141,131,122,159,129,143,141,258,129,113,121,123,124,129,134
Malonic acid::C00383,2008,1389,1341,1349,978,935,1298,1071,952,1499,1182,1078,1146,982,838,1436,1287,1089,1728,1358,1361,1879,1572,1621,1356,1159,1104,3004,2808,2611
Valine_2TMS_Major::C00183,1991,1653,1538,4324,3327,3417,1396,1386,1257,1623,1390,1421,1244,1285,1390,1668,1571,1530,2580,2441,2586,3998,3735,4604,912,1015,1143,1774,1732,1859
Unknown_4_Organic acid like,367,260,236,732,560,576,227,216,199,264,212,215,186,193,230,271,247,230,425,408,422,660,628,768,137,157,171,279,278,298
Unknown_5_Amine like,953,757,894,890,646,785,782,744,793,798,816,626,854,582,693,963,764,671,996,794,814,844,1495,740,719,715,576,808,639,646
Urea::C00086,225,169,185,2,2,2,176,153,162,223,206,200,407,357,347,189,188,160,118,114,149,201,179,206,2,2,2,208,207,205
Serine_2TMS_Minor::C00065,592,506,558,426,418,510,429,296,525,251,366,258,368,320,384,380,419,218,530,357,383,364,270,260,300,239,191,265,346,291
2-Aminoethanol::C00189,1187,1167,1279,1667,1461,1465,725,806,803,1216,1248,1171,1008,1242,1107,1105,1213,991,1707,1508,1658,1275,1084,1249,604,757,711,1400,1448,1342
Unknown_6,2015,1858,1985,2110,1714,1952,1088,1088,1169,1614,1611,1544,985,1014,1034,1437,1471,1405,1296,1209,1350,1331,1283,1313,776,785,775,1172,1218,1134
Unknown_7,20113,18560,19692,20936,16908,19085,10712,10790,11478,16077,16077,15437,9587,9935,10241,14527,14551,13797,12873,11791,13346,13280,12716,13302,7494,7548,7532,11615,12103,11239
Phosphate::C00009,76942,70626,74834,79784,64091,72110,40373,40844,43067,61392,61136,58624,35877,37475,38538,55138,55032,52167,48771,44401,50298,50318,48072,51150,27747,27929,28175,43808,45853,42387
Leucine_2TMS::C00123,1187,1291,1216,3985,3635,3443,795,922,772,1359,1162,1191,1097,1194,1309,1217,1178,1248,2577,2542,2750,4581,4563,5363,702,792,888,1569,1494,1604
Isoleucine_2TMS::C00407,867,918,850,2379,2097,2058,840,922,776,1172,1032,1047,733,804,864,1133,1095,1162,1550,1477,1626,3037,2999,3994,784,851,946,1052,1018,1102
Threonine_2TMS::C00188,678,631,636,991,1065,1286,678,519,773,460,674,489,586,551,669,731,758,407,858,586,585,894,699,747,524,421,417,524,625,552
Proline::C00148,2166,2417,2224,3502,3177,2968,1215,1486,1139,1749,1377,1502,1438,1593,1802,1638,1547,1880,2810,2848,3068,3021,3065,3816,1009,1144,1205,2117,2031,2151
Glycine_3TMS_Major::C00037,1269,1102,1112,1388,1178,1355,861,834,839,818,785,763,789,796,833,687,666,585,750,705,772,991,899,1174,581,582,628,780,811,793
Unknown_8,2940,2622,2639,1935,1640,1804,1933,1893,1952,2052,2013,1888,1595,1614,1734,1219,1190,1085,2364,2110,2185,2272,2123,2579,1462,1427,1440,2419,2504,2438
Succinic acid(or aldehyde)::C00042,18422,16496,16589,12101,10329,11123,12149,11815,12142,12776,12569,11686,9892,10043,10743,7692,7369,6592,14804,13120,13742,14370,13093,16070,9086,8790,8949,15249,15651,15206
Glyceric acid::C00258,1719,1528,1612,1344,1156,1216,2555,2584,2584,2881,2854,2729,2034,2082,2324,2722,2675,2441,2600,2331,2496,2476,2247,2673,2867,2813,2932,1789,1853,1856
Fumaric acid::C00122,728,665,653,704,637,696,591,588,604,617,617,593,546,573,619,561,569,501,648,589,623,687,638,702,490,494,489,709,741,719
Serine_3TMS_Major::C00065,12226,14159,14118,11064,10360,11490,7814,9620,7993,9488,8585,9231,7734,8466,9282,6916,7143,7989,9000,9583,10710,7026,7720,8127,4583,5217,5230,9060,9356,8895
Alanine_3TMS_Minor::C00041,11,49,83,17,62,146,12,45,111,11,43,86,11,32,101,25,60,78,43,72,126,62,146,174,16,64,89,35,69,135
Unknwon_9,871,849,977,668,591,537,199,338,334,509,337,468,164,256,112,515,564,443,308,371,366,293,300,331,219,210,203,585,586,496
Unknown_10,412,370,401,440,396,433,286,287,301,392,374,375,476,496,538,459,475,445,402,355,384,592,580,630,457,481,500,644,702,727
Unknown_11_Sugar like,3138,3067,3559,3256,3185,3043,3434,3427,3729,2776,3103,2791,2617,2714,3248,3368,3496,3335,3303,2992,2966,2823,2656,2773,2944,3129,2997,2872,3093,3361
Threonine_3TMS::C00188,2764,2949,2796,4672,4535,4906,2208,2508,2247,2829,2652,2841,2109,2460,2549,2464,2389,2425,2465,2526,2803,3059,3093,3290,1423,1623,1829,2825,3110,2945
Unknown_12_Organic acid like,121,96,100,82,68,72,59,60,67,75,71,77,54,61,69,60,72,72,77,72,67,84,78,66,55,47,56,156,173,179
Unknown_13_Organic acid like,432,294,321,358,291,336,278,336,355,227,283,273,207,268,289,405,353,210,333,247,273,343,300,243,238,258,246,328,392,370
Unknown_14_Organic acid like,2,139,118,218,221,234,113,115,94,99,70,100,137,152,170,145,135,82,481,484,486,165,207,199,20,2,2,134,167,183
b-Alanine::C00099,212,218,227,366,369,389,169,182,206,148,153,174,223,232,292,227,253,239,744,730,769,311,332,316,83,101,99,253,284,289
Noise2(for silyl),4468,4204,5169,4443,3965,4527,4256,4227,4864,4318,4404,4478,3796,3963,4927,4498,4658,4639,4971,4842,5110,4592,4522,4480,4078,4292,4582,4063,4328,4988
Unknown_15_Organic acid like,76,77,89,80,94,92,56,62,57,52,55,55,44,56,56,41,56,48,58,70,56,67,66,80,39,37,48,45,56,46
homoserine::C00263,200,236,292,251,268,288,143,178,178,139,155,174,135,155,186,140,169,191,190,212,232,206,229,204,101,121,114,115,141,129
Noise3(for silyl),5616,5771,7042,6023,5324,6332,5409,5685,6661,5459,5807,6019,5038,5375,6679,6243,6244,6484,6699,6344,7245,6287,5985,6201,5818,5841,6096,5564,5975,6413
Citramalic acid::C00815,74,65,73,55,54,65,56,88,75,77,77,81,53,69,82,63,69,76,75,86,89,66,74,79,50,61,54,77,85,101
Malic acid::C00149,80289,74391,72362,73651,66907,72321,125270,98232,104997,124771,110731,105518,110172,102150,103357,106317,99615,92166,122629,111255,111074,112880,103601,92438,111229,100777,99962,119177,109071,106013
Noise4(for silyl),1199,1939,2557,1220,1791,2384,1329,1852,2616,1433,2134,2299,1321,1901,2635,1992,2282,2487,2290,2387,2696,2096,2402,2468,1811,2283,2596,1911,2300,2742
Unknown_16_Sugar like,174,157,168,166,135,141,112,128,129,133,142,132,126,117,139,158,150,140,155,127,145,142,150,131,129,110,115,268,275,266
meso-erythritol::C00503,80,75,80,60,66,78,57,64,66,66,62,68,62,57,72,67,83,83,67,68,79,67,79,64,51,65,52,143,171,157
Noise5(for silyl),2954,4725,6220,2996,4251,5495,3215,4526,6190,3411,4980,5392,3264,4362,6110,4817,5402,5843,5472,5567,6309,5218,5541,5726,4538,5214,5838,4811,5327,6288
Adipic acid::C06104,38,100,139,32,88,136,51,89,143,39,94,130,62,81,137,113,117,130,137,123,148,122,118,140,109,115,120,130,129,152
Unknown_17,717,758,759,1116,1109,1059,680,728,725,841,773,769,754,797,854,872,914,848,683,685,801,966,960,935,585,618,649,775,844,826
Aspartic acid::C00049,42270,47221,46957,66592,66815,67694,41498,44506,45618,51207,48992,48635,46550,49858,54235,54506,57581,53247,41600,41752,49977,60330,60076,57901,36764,38071,39733,48365,52349,50741
Unknown_18_Organic acid like,474,418,456,410,376,435,354,360,364,359,370,363,314,320,332,301,343,318,347,341,378,419,457,478,237,270,291,446,517,525
Methionine::C00073,105,147,214,268,328,381,122,185,224,150,140,195,111,133,168,121,179,207,121,194,212,150,203,258,90,123,158,120,161,192
a-Phenylglycine::C18623,94,144,195,262,312,354,116,176,206,142,128,177,113,129,149,116,169,182,127,189,200,141,190,292,83,116,156,119,140,176
trans-4-Hydroxy-L-proline::C01157,126,126,148,71,84,101,71,72,85,87,79,95,106,109,140,98,112,109,103,104,110,104,136,136,238,243,254,108,129,136
Pyroglutamic acid::C01879,38391,54355,51272,117129,137020,125652,47985,61561,66407,45077,48004,47980,63451,100132,75618,46091,60219,43158,44790,40466,55872,53565,44887,66038,22365,40182,45721,84319,98007,86076
4-Aminobutyric acid::C00334,4018,3752,4021,5167,5264,5395,5460,5968,6662,4321,4499,4614,2353,2663,2983,2348,2700,2473,8972,9032,9774,9510,9809,10396,2417,2739,3014,6713,8038,8176
Unknown_19_Sugar like,13659,12440,14099,9413,8970,9368,9386,10279,11749,11135,11080,11581,7763,8139,10373,11147,11305,12861,11668,11534,13519,9844,11100,10816,8661,9527,10178,10158,12001,12855
Unknown_20_Organic acid like,113,102,115,84,69,67,21,27,43,76,78,75,34,32,36,57,68,57,55,64,57,46,56,46,33,35,17,141,152,141
2-Isopropylmalic acid::C02504,57,44,61,24,30,33,50,49,67,50,46,56,31,30,57,37,50,52,37,40,56,48,60,62,63,78,73,132,171,173
Alpha-Ketoglutaric acid::C00026,163,143,155,130,124,146,143,158,163,172,158,179,168,179,196,150,160,159,104,117,120,120,124,108,180,202,190,258,306,286
Unknown_21_Organic acid like,577,471,500,529,472,517,2,2,2,471,482,511,2,2,2,397,2,440,367,363,417,380,411,443,2,2,2,2,2,2
Unknown_22_Organic acid like,332,704,824,857,2184,3763,520,1027,1543,514,860,1106,717,1628,2222,512,870,823,598,813,1237,810,1325,1177,476,695,1173,1491,2046,2523
1-Methyl uracil::PubChem:12009,48,113,117,137,372,642,77,171,274,75,137,182,114,271,381,69,138,133,94,134,210,118,203,196,71,110,201,246,355,424
Unknown_23_Organic acid like,2,126,152,31,363,365,19,152,138,36,104,126,51,185,224,23,108,130,10,57,49,81,139,134,131,194,222,130,198,244
Unknown_24,562,542,535,589,581,566,579,591,572,584,510,513,570,556,584,632,653,594,506,499,521,563,539,537,415,412,413,684,720,638
Glutamic acid::C00302,28730,31612,31681,32631,34261,33433,31655,34653,33334,32882,31492,30146,32653,33177,35173,36108,38977,34979,29475,29127,31087,33031,31453,31083,24964,24358,24190,39740,42182,37568
Unknown_25,1122,1126,1129,1238,1206,1157,1192,1220,1154,1199,1115,1036,1186,1159,1206,1341,1349,1193,1085,1046,1075,1193,1111,1068,911,855,815,1409,1445,1251
Xylose_1(or Lyxose_1)_Minor::C00181,188,166,214,96,84,89,109,105,102,146,129,142,78,68,68,90,105,96,129,112,124,78,105,118,63,64,70,93,101,109
Phenylalanine::C00079,674,625,721,1352,1274,1413,416,418,472,465,454,490,597,619,691,461,515,540,1247,1284,1390,1947,2159,2228,375,434,469,798,917,958
Xylose_2_Major::C00181,132,118,144,131,124,134,191,189,208,203,196,214,146,151,168,173,194,197,169,186,192,279,284,368,279,311,349,147,180,194
threo-3-Hydroxy-L-aspartic acid::C03961,38,39,43,31,39,45,76,75,85,84,58,94,49,49,66,55,77,73,54,66,68,89,102,102,74,92,98,90,119,101
Arabinose::C00216,953,809,958,890,768,903,1307,1239,1387,1358,1264,1391,965,964,1064,1239,1292,1319,1090,1137,1213,1570,1596,1833,1362,1427,1665,1532,1697,1698
Unknown_26_Organic acid like,116,88,125,50,60,50,105,81,120,91,86,99,67,70,101,62,86,93,111,131,135,93,109,124,117,146,138,235,273,295
Asparagine::C00152,1237,1261,1294,2771,2737,2937,1023,1011,987,1130,1110,1085,996,1049,1022,1142,1238,1017,1002,959,1044,1410,1434,1238,630,639,671,1108,1133,1025
Unknown_27_Organic acid like,246,213,230,225,195,205,222,195,224,240,221,243,193,176,222,190,205,228,236,226,278,250,274,269,209,204,264,154,183,210
Unknown_28_Sugar,703,607,684,570,506,549,463,452,507,505,479,500,451,438,525,468,515,514,525,522,579,507,542,590,395,428,455,619,668,685
Unknown_29_Organic acid like,212,193,176,364,315,346,187,191,207,172,152,177,191,166,235,112,126,138,176,155,190,150,167,151,93,85,121,226,242,278
Arabitol::C01904,297,257,278,219,190,226,162,156,172,211,198,238,154,154,193,217,213,236,155,179,222,209,214,241,197,214,236,236,265,273
Unknown_30_Organic acid like,360,323,360,299,243,276,212,204,234,283,249,312,210,214,235,255,279,284,210,236,262,259,290,301,240,257,285,306,312,341
Unknown_31,573,530,569,526,513,502,475,514,536,545,501,511,450,493,520,510,565,545,593,564,596,539,533,544,502,512,497,507,555,567
Ribitol::C00474,38765,34621,37353,35062,33284,32135,32075,33416,33906,36190,33103,32338,30039,31532,32711,33584,36549,34538,38416,35773,37985,35021,33723,35398,32621,32502,32747,32519,35337,36843
Unknown_32,1536,1330,1432,1364,1288,1232,1239,1274,1287,1398,1275,1226,1160,1225,1247,1286,1402,1323,1471,1375,1453,1351,1293,1379,1263,1239,1270,1255,1353,1420
Unknown_33,264,222,246,234,233,212,212,229,211,239,223,204,197,212,216,234,236,235,262,241,241,239,215,210,210,210,199,222,226,230
Unknown_34_Sugar like,2858,2530,2838,2962,2666,2935,953,925,1003,2203,2054,2291,1258,1273,1430,1610,1734,1698,1144,1187,1265,1044,1101,1180,1158,1191,1433,1754,1965,1913
Putrescine::C00134,430,420,456,462,441,509,316,306,351,266,245,272,345,345,402,246,309,279,413,421,493,327,367,347,250,277,270,379,450,380
Unknown_35,369,361,393,399,374,434,433,416,423,398,348,420,437,390,479,302,382,338,366,397,493,474,511,550,363,433,462,495,606,599
Unknown_36_Organic acid like,881,796,919,873,835,884,953,921,905,902,835,901,938,903,978,769,826,768,909,959,1027,866,974,1065,770,869,977,1145,1308,1230
Unknown_37_Sugar like,1300,1187,1513,1119,1006,1116,986,973,1058,1197,1145,1226,867,917,1018,1029,1104,1183,1102,1152,1220,1397,1520,1583,939,1046,1114,1198,1322,1372
Glutathione Oxidized,1859,2210,2170,2031,2295,2170,1904,2158,1730,2026,2041,1971,2457,2414,2468,2063,2228,1866,1836,1677,1822,2390,2255,2369,2047,1879,2028,2340,2354,2224
Theanine_1_Same_dif::C01047,54404,73424,73424,71095,77879,80100,67608,76561,61471,68514,68967,69439,88835,85821,87033,73984,76775,68305,63760,58803,62329,79633,77852,79574,74040,67074,73015,82243,81170,77128
Unknown_38,850,890,917,816,813,778,708,756,671,838,771,777,757,758,799,727,803,756,716,683,722,973,926,996,707,679,716,873,878,835
Unknown_39_Sugar like,277,271,280,125,101,111,152,152,157,181,192,173,89,111,106,153,163,154,184,172,180,190,177,226,154,134,153,175,173,193
Glutamine_3TMS::C00064,38414,38896,35983,115629,122385,131675,55693,56680,50510,37413,38108,37744,67692,64087,67908,26084,31242,22886,39953,38551,42212,37259,38837,31656,18346,19554,27066,70605,75460,59738
2-Deoxy-D-glucose::C00586,83,113,127,105,135,125,28,35,48,57,67,79,36,53,57,35,75,67,105,131,149,92,100,118,18,35,31,71,68,80
O-Phosphoethanolamine::C00346,578,683,731,758,811,722,194,241,275,405,429,442,302,332,332,362,424,421,669,728,790,553,570,755,164,172,190,415,407,470
Theanine_2_Same_dif::C01047,47682,31565,26858,58195,42064,43622,38192,32427,30066,34261,29220,26919,43473,38549,42658,32269,34599,26233,28669,24675,26939,37409,38106,30006,27142,26794,27364,32414,33386,32594
Unknown_40_Organic acid like,10435,9481,9943,8940,9227,9394,12708,13239,12206,12528,11962,12235,11274,12653,13247,10820,12580,11138,14449,14180,15273,20115,19105,21262,14708,14845,15131,14491,15696,14377
Unknown_41,1348,1196,1249,1171,1166,1184,1602,1612,1504,1564,1480,1499,1451,1565,1629,1383,1549,1386,1791,1760,1840,2357,2247,2356,1794,1775,1762,1780,1850,1708
Shikimic acid::C00493,14912,13547,13867,12770,13125,13241,19945,20916,18968,19229,18134,18937,17280,19256,20487,16239,19296,17396,22996,22638,24179,33942,32002,34929,23914,23859,24053,24733,27300,24276
Unknown_42,626,641,682,499,535,490,586,641,631,669,647,630,629,652,664,552,655,631,724,699,769,750,733,735,474,476,484,715,770,714
Citric acid + Isocitric acid::C00158+C00311,23240,24575,24927,18371,19298,17789,21720,23974,22814,24368,23101,23224,25293,27046,27268,20221,23566,22181,28805,29581,31077,26839,26925,27805,15196,15429,15576,27031,30501,28557
Unknown_43_Organic acid like,47044,48636,48981,36824,38398,35388,42922,47295,44753,48179,45328,45597,49479,52886,53212,39543,46249,43385,56709,57824,61094,53180,52894,55301,29729,30347,30828,53323,60419,56834
Unknown_44,5681,5540,5545,4646,4793,4446,4516,4938,4576,5100,4812,4771,4682,5044,4950,4224,4865,4362,5664,5674,5953,5661,5480,5798,3248,3261,3316,6001,6648,6056
Ornithine::C00077,28,71,55,136,208,195,18,61,68,47,51,56,82,92,124,24,55,62,9,17,2,45,78,52,83,64,108,75,110,137
Unknown_45_Amine like,633,1020,1169,546,883,973,519,752,882,656,894,975,589,847,989,805,1036,1073,921,961,1122,958,1068,1198,721,832,984,977,1107,1278
"3,4-dihydroxybenzoate::C00230",64,77,78,34,54,68,42,50,50,58,61,71,47,62,62,50,68,66,47,51,88,73,93,111,101,111,69,63,73,82
Citrulline::C00327,35,175,173,108,371,330,45,175,168,64,113,118,151,238,240,90,150,140,58,73,76,146,149,188,203,199,238,205,238,251
Unknown_46_Organic acid like,255,263,282,218,226,195,133,142,152,223,207,232,146,164,140,137,167,174,208,208,226,220,194,197,93,85,112,795,800,882
Unknown_47_Organic acid like,479,422,480,358,316,340,358,311,332,362,364,372,321,324,296,377,385,391,444,446,452,426,398,475,379,380,405,550,525,585
Unknown_48_Organic acid like,186491,2,3,2,2,2,2,2,176855,2,171005,2,2,2,2,183557,2,3,2,3,2,2,2,2,2,162251,156656,2,2,2
Quinic acid_like1::C00296,56204,2,0,0,2,2,2,2,54069,2,53207,0,2,0,2,56384,2,3,2,3,2,2,2,2,0,49747,48006,2,2,2
Quinic acid_like2::C00296,56273,52432,62792,53671,44306,52295,50325,44979,2,49324,53425,52574,51305,48938,49524,2,50340,56783,56561,57986,53103,53105,54543,49193,49426,2,2,53187,48938,51309
Unknown_49_Organic acid like,2,169577,203576,175293,144494,170902,164570,146329,2,160507,2,171806,166667,159616,161897,177050,162861,184471,183558,189382,172785,173004,178445,153802,159686,2,2,173243,160906,168216
Unknown_50,6177,5436,5651,6323,5324,5960,5773,5248,5728,5462,5449,5510,6079,5833,5787,5517,5202,4971,6112,6208,6050,6173,6277,6323,5168,5118,5148,6241,6008,5949
Quinic acid_like3::C00296,32107,28705,35281,29174,23026,27726,27336,23732,29415,26964,29089,28655,27133,25513,25838,31600,27434,31950,30701,31798,28194,28269,28855,24529,27065,27225,26341,28129,25063,26907
Unknown_51_Organic acid like,176562,162034,201103,162144,132320,161119,152353,135764,170597,150548,165018,166014,152540,147448,151637,2,157128,183300,172752,181748,162312,159611,166467,142809,152517,156329,149490,159702,146852,156060
Fructose_1_Major::C00085,64924,61502,57474,105233,116832,123752,162762,169997,130220,130820,119678,126413,150736,145010,125823,99328,119034,90906,66359,63542,71570,119506,128696,117439,212123,205245,209356,80616,96987,82220
Unknown_52_Organic acid like,26410,24901,23024,43960,45293,48776,63152,66837,51146,50330,47908,49155,57975,56035,49222,40491,46779,36187,26875,25489,28640,48587,50912,46211,86692,81994,84698,32927,39385,32804
Fructose_2_Minor::C00085,33808,32584,29401,53825,57367,59807,81622,89657,71615,63179,58598,64631,75460,77127,80494,48459,56612,45624,33721,33312,35753,59778,61255,64314,116373,105990,100031,40712,46988,41580
Mannose_1_Major::C00159,66,57,57,72,90,100,212,220,192,147,136,152,155,141,160,141,169,143,84,83,85,193,196,227,393,407,497,103,114,124
Galactose_1_Major::C00124,149,127,132,199,207,194,296,317,269,314,285,309,287,261,282,278,305,292,252,245,266,447,458,520,533,538,644,314,357,355
Glucose_1_Major::C00031,34072,33110,30125,51832,53123,56070,88640,87214,67111,67375,63435,60773,72593,72483,66712,57510,60116,53938,40154,39456,38391,67736,65627,69971,121007,113283,123959,35637,42234,36625
Unknown_53,9087,8799,7999,14003,14721,15229,24390,24209,19086,18750,17563,17230,20247,20206,19003,15648,16762,14557,10653,10543,10261,18849,18352,19904,32536,31650,32408,9435,11304,9777
Caffeine::C07481,113182,109906,128658,108997,114932,94975,84058,87861,110143,107722,102519,105963,73897,76584,81805,106234,107289,111769,103215,106319,107099,84320,88638,91630,92196,95074,89516,65469,69554,81276
Unknown_54_Organic acid like,188,380,372,347,418,364,316,329,310,468,435,345,347,401,278,384,351,327,388,214,267,502,353,392,329,336,282,405,387,377
Mannose_2(orAllose_2)_Minor::C00159,41,75,69,45,80,58,43,94,82,84,84,87,58,83,67,64,85,85,69,52,56,80,76,88,109,121,112,40,45,52
Glucuronate_1_Major::C00191,22,76,93,60,90,65,64,37,58,100,101,62,83,109,66,79,114,67,87,49,36,133,97,129,69,83,80,125,128,110
Galactose_2_Minor::C00124,403,412,395,337,343,327,226,249,216,251,234,246,176,192,189,198,263,235,331,325,372,268,272,294,169,159,180,393,442,447
Unknown_55_Sugar like,988,1015,987,844,839,786,535,589,545,590,578,583,421,465,467,489,626,546,787,811,902,606,629,724,375,369,396,951,1064,1051
Glucose_2_Minor::C00031,4450,3939,3846,5782,5497,5751,9350,9995,8929,7195,6839,8129,8100,7637,8999,6076,6775,6262,4752,4794,4728,7321,8089,9294,15360,16192,17321,4139,4538,4705
Unknown_56_Organic acid like,286,313,326,261,251,273,210,233,226,275,262,279,258,263,318,250,261,303,251,255,287,268,271,302,214,214,264,219,245,287
"Glucono-1,4-lactone::C03107",393,349,363,352,339,278,241,235,233,376,338,341,202,191,206,337,388,378,285,293,306,274,252,320,370,356,376,285,304,317
Unknown_57_Organic acid like,564,2,3,2,2,2,374,371,2,567,505,518,2,2,2,537,570,556,2,3,2,2,2,2,525,517,560,2,2,2
Unknown_58_Organic acid like,496,554,610,663,533,530,387,415,465,2,479,458,348,429,425,2,2,541,609,678,735,560,547,671,2,442,529,485,476,515
Lysine_4TMS_Major::C00047,659,708,755,1592,1632,1558,457,504,490,549,557,579,680,716,712,499,593,580,1025,1045,1152,1496,1497,1635,519,544,616,821,867,850
Histidine::C00135,215,485,562,819,1095,1138,304,438,442,437,496,578,432,529,446,379,491,507,355,420,440,543,647,589,338,390,475,732,746,734
Galactosamine_1_Major::C02262,24,83,79,155,201,255,50,69,46,80,97,113,78,99,73,58,93,98,61,69,81,97,119,109,63,66,78,145,146,142
Unknown_59_Organic acid like,142,133,157,141,149,179,109,109,107,118,124,107,100,100,133,110,119,107,98,108,131,127,117,131,96,89,122,110,126,144
Galactitol::C01697,328,288,316,239,200,187,151,167,140,210,141,162,166,145,118,177,215,179,163,168,159,140,142,150,151,126,117,180,182,169
Unknown_60_Organic acid like,1798,1581,1891,1138,940,843,795,857,673,1075,699,793,676,660,344,1228,1287,972,798,824,711,744,613,933,808,639,527,979,869,747
Galactosamine_2_Minor::C02262,155,184,150,134,141,146,152,154,179,161,142,178,138,127,184,120,156,204,151,147,200,114,139,151,168,163,233,105,172,211
Unknown_61,3448,3619,3267,2228,2462,2142,2482,2551,2361,2728,2404,2488,2126,2067,2016,2489,2649,2722,2864,2795,2784,2044,1892,2016,2938,2560,2628,2388,2394,2462
Pyridoxal::C00250,37,55,63,151,188,188,11,30,19,36,20,42,39,47,57,31,45,54,201,214,234,245,261,345,25,33,46,60,74,80
Tyrosine::C00082,893,1027,1096,2368,2636,2519,479,573,559,752,767,780,834,869,907,771,896,916,2928,2977,3199,3428,3538,4309,673,682,868,1136,1201,1287
Glucarate_Minor::C00818,73,66,57,135,116,122,236,226,187,158,149,153,195,178,181,141,141,130,95,83,96,175,158,196,348,326,343,87,92,71
Gallic acid::C01424,2246,2474,3115,2208,2166,2174,2147,2083,2362,2480,2308,2610,1903,1856,2338,2128,2389,2878,2322,2264,2694,2392,2680,2757,2246,2292,2551,1575,1875,2156
Unknown_62_Organic acid like,90,156,395,59,152,324,100,274,126,100,108,118,208,874,110,125,378,98,86,172,83,239,135,1231,283,340,150,713,242,55
Unknown_63_Sugar like,214,222,261,213,195,238,226,222,179,244,194,241,224,218,304,193,224,275,147,151,222,172,214,270,171,187,298,233,313,366
Coniferyl aldehyde_1_Major::C02666,53,49,44,62,65,64,126,108,72,108,58,48,86,72,95,69,74,64,57,56,41,74,88,86,123,112,113,52,55,88
Glucarate_Major::C00818,219,159,159,287,143,116,393,232,109,347,207,139,276,205,138,191,158,124,154,127,80,209,160,97,373,250,131,174,169,95
Unknown_64_Sugar like,2444,2333,2288,2250,2149,2176,1759,1788,1670,2207,2176,2222,2090,2260,2317,2067,2348,2214,2137,2191,2433,2698,2794,3341,1925,1934,2173,2352,2552,2647
Unknown_65_Organic acid like,334,258,245,146,228,183,274,271,214,174,239,234,161,197,232,221,203,141,305,246,236,185,264,358,185,234,150,192,251,186
Gluconic acid::C00257,165,146,175,147,147,146,155,164,151,187,175,190,179,177,163,183,194,165,174,185,182,304,282,337,197,192,171,235,219,208
Unknown_66_Organic acid like,1165,1302,1382,846,1035,1085,1003,1138,1089,986,1051,1112,971,1106,1134,851,995,990,936,977,1126,1125,1178,1272,884,895,1063,1149,1210,1246
Unknown_67_Sugar like,2,21,3,44,114,176,122,254,272,64,183,256,80,223,230,132,233,232,54,38,34,167,279,333,375,478,659,23,71,157
Unknown_68_Organic acid like,379,381,534,162,192,251,81,188,235,109,167,195,64,126,54,148,308,279,135,167,205,73,238,370,145,169,220,318,209,384
Unknown_69,417,404,429,298,303,282,301,308,300,384,369,364,310,321,308,340,376,367,346,354,385,413,424,481,344,361,386,545,581,569
Inositol::C00137,23358,22507,22868,23129,22490,22337,12790,15293,14529,19620,18257,19623,15820,17918,17906,19827,23904,22490,26461,26089,28903,30942,31358,30830,18551,20307,19246,20073,22065,20815
Lanthionine::PubChem:102950,102,109,105,98,98,97,78,89,82,92,74,103,76,76,86,76,90,101,87,89,101,111,95,122,90,79,108,134,144,158
Unknown_70_Sugar like,2124,1989,2060,1975,1888,1850,1608,1690,1663,1924,1809,1892,1677,1728,1854,1707,1901,1891,1792,1792,1937,2085,2061,2508,1842,1825,2032,2480,2769,2934
Unknown_71,770,734,740,719,695,687,603,599,588,714,638,691,627,633,661,598,670,663,654,659,703,770,743,881,663,670,698,926,976,1025
Unknown_72_Organic acid like,95,114,107,132,103,103,43,67,61,125,116,137,83,76,87,75,83,116,75,61,62,100,76,74,64,57,86,101,120,117
Unknown_73_Organic acid like,92,32,83,91,88,104,78,92,81,102,89,110,77,71,77,71,88,79,138,132,148,116,99,114,91,98,92,68,54,32
Unknown_74,1534,1497,1598,1150,1109,1113,1023,1054,1031,1379,1320,1325,1155,1186,1205,1238,1367,1480,1121,1140,1221,1642,1690,1720,1055,1083,1183,571,625,661
Unknown_75,634,619,652,454,451,434,415,413,399,567,527,518,451,457,478,513,553,592,454,430,482,667,682,734,431,428,459,202,210,215
Unknown_76_Sugar phosphate like,379,394,381,271,280,278,78,76,77,146,122,147,40,58,49,119,144,164,213,215,253,80,92,107,36,36,48,103,124,126
Unknown_77_Organic acid like,95,115,117,71,88,87,64,75,59,73,59,92,55,52,41,62,80,85,80,83,74,78,69,48,77,63,55,72,93,95
Unknown_78,814,775,872,474,470,437,431,444,458,652,595,641,319,347,341,619,693,741,888,875,898,581,601,636,679,676,679,647,666,781
Unknown_79_Organic acid like,288,256,271,133,136,120,168,150,156,234,212,220,127,101,119,223,250,272,301,305,318,205,215,251,248,252,256,233,221,249
Tryptophan::C00078,1090,1822,2329,2408,3231,3183,722,1150,1241,1115,1492,1687,1008,1390,1403,1089,1634,1947,1722,2430,2743,1955,2592,3152,1150,1300,1750,1711,2148,2648
Octadecanoate::C01530,1406,330,424,659,225,338,272,299,296,296,293,281,304,215,315,296,302,448,351,371,410,299,408,469,303,368,328,285,356,346
Unknown_80_Sugar like,686,639,606,620,571,573,511,523,452,585,534,560,516,500,485,454,555,537,587,599,622,656,663,698,486,476,522,615,663,702
Unknown_81_Sugar phosphate like,230,252,259,157,170,173,138,173,170,207,195,212,165,186,185,185,240,244,205,207,240,136,138,143,168,187,177,189,228,233
Unknown_82_Organic acid like,2,453,488,2,2,2,2,2,2,376,347,368,299,313,308,371,431,429,2,3,408,2,2,327,2,293,329,386,419,403
Fructose 6-Phosphate_1::C00085,131,144,145,91,100,103,65,102,97,97,98,95,70,77,88,98,134,135,139,137,153,78,95,91,89,93,94,95,106,115
Unknown_83_Organic acid like,620,646,665,515,520,512,457,520,510,546,500,513,457,467,475,457,507,506,703,715,684,503,526,579,492,475,515,560,599,565
Unknown_84,832,860,898,769,731,771,729,775,725,808,798,829,794,838,770,569,656,679,951,1053,1057,737,781,818,688,743,800,810,844,896
Fructose 6-Phosphate_2::C00085,702,736,803,529,551,515,459,555,529,564,575,595,525,494,539,625,687,774,662,704,767,388,402,408,474,508,583,537,626,674
Unknown_85_Sugar like,3156,3158,2826,2299,2217,2013,2597,2682,2322,2662,2518,2551,2166,2038,2061,2202,2359,2384,2890,2688,3163,2844,2813,2413,2476,2219,2387,2014,2104,2080
Unknown_86_Organic acid like,136,191,97,139,193,162,185,119,132,129,219,105,117,148,84,2,131,109,188,153,219,168,142,211,108,179,120,136,230,176
Unknown_87_Organic acid like,250,354,350,208,248,248,256,311,301,273,272,296,219,234,276,217,272,305,335,328,395,306,323,1542,293,300,344,226,273,303
Unknown_88_Organic acid like,108,396,611,115,330,523,175,512,724,167,375,588,187,432,599,180,450,619,283,612,779,284,564,961,264,502,749,240,466,690
Unknown_89_Organic acid like,75,93,103,54,63,62,47,58,46,59,66,60,52,52,2,50,76,74,48,66,75,70,2,104,61,55,75,71,82,97
Unknown_90_Organic acid like,89,87,34,2,95,95,97,102,88,124,97,114,95,115,99,88,112,111,63,43,53,124,119,262,102,104,115,83,73,77
Unknown_91,280,286,271,213,228,211,259,296,277,277,262,275,223,242,233,240,275,291,286,274,290,285,292,259,297,299,329,144,141,136
Unknown_92_Sugar like,349,365,355,263,282,265,331,373,370,350,340,346,268,308,319,312,363,375,368,379,385,369,388,327,383,382,419,169,174,161
Unknown_93,618,643,652,478,478,459,571,612,601,621,579,585,474,511,502,534,626,659,645,653,688,605,640,505,578,576,613,291,308,304
Unknown_94_Organic acid like,107,110,98,98,101,110,84,91,95,89,85,94,66,77,90,70,93,88,73,65,71,97,101,61,52,57,87,40,42,35
Unknown_95,298,297,302,256,276,272,231,258,250,257,241,262,195,198,200,206,245,260,261,253,280,268,289,275,177,189,205,85,93,86
Sucrose::C00089,117967,110856,130374,114542,95015,110004,98079,89026,113603,93657,106771,107690,101896,101104,103099,115510,102329,118624,109806,118320,108480,110859,116276,100929,91882,96778,94254,110159,103935,107916
Unknown_96_Organic acid like,2,2,3,2,2,2,2,2,2,2,2,2,2,2,2,2,2,3,2,3,2,2,2,2,2,2,2,2,2,2
Unknown_97_Sugar like,58127,45117,38173,39637,30823,18243,39141,34487,17130,47774,30709,25472,34733,24760,13449,29756,25141,20606,36175,31289,22338,35043,20478,15399,29086,18315,9535,32310,26492,11196
Unknown_98_Sugar like,576,682,688,433,491,496,468,543,546,572,584,649,481,512,594,489,630,657,682,700,765,665,701,760,622,640,661,509,596,597
Unknown_99,718,778,788,553,573,562,567,626,633,668,692,696,611,624,668,592,716,758,796,809,877,785,812,838,732,738,733,582,645,660
Unknown_100_Organic acid like,49,73,79,56,74,70,44,56,39,61,55,75,48,56,52,56,62,63,78,123,120,125,135,150,60,40,84,144,121,113
b-Lactose_1_Major::C01970,57,59,69,51,66,58,42,48,32,62,54,63,43,63,36,45,59,40,82,93,82,81,77,108,44,47,59,120,101,75
Maltose_1_Major::C00208,130,135,141,118,122,105,32,40,35,93,77,91,133,122,146,150,173,199,446,467,456,82,78,92,189,189,170,301,338,360
Trehalose::C01083,104130,112725,128168,77901,87999,101251,83480,94499,106514,95914,105390,106076,81158,95183,99694,96705,105451,114638,113184,115065,112669,109213,115793,108600,92193,99519,99277,107207,104994,111890
Maltose_2_Minor::C00208,836,941,1043,634,699,691,678,761,678,734,750,726,635,689,669,666,794,803,859,887,991,826,812,925,658,673,614,833,822,887
Unknown_101_Organic acid like,119,126,144,96,104,48,58,56,79,133,118,113,127,132,105,90,131,131,86,116,92,120,123,139,148,131,119,103,100,106
Melibiose_1_Major::C05402,467,392,485,502,479,455,425,455,383,422,410,435,373,436,397,395,459,419,488,486,477,450,446,469,450,420,412,412,401,429
Unknown_102,1604,1700,1903,1761,1667,1865,1596,1649,1682,1626,1734,1727,1587,1681,1670,1580,1744,1794,1824,1934,1905,1793,1853,1733,1635,1684,1635,1663,1624,1674
Unknown_103,36405,39995,43734,40660,38731,43578,36719,38154,39520,36974,39570,40661,36208,38929,38915,35835,40166,40922,42288,45313,44278,41173,43957,41001,37702,39593,38419,37475,37372,39127
Epicatechin::C09727(8),3934,4114,3967,4201,4379,4670,3645,4023,3214,3446,3408,3603,3054,3267,3100,2456,3024,2547,2920,3082,3494,2934,3108,3958,2118,2250,2555,3385,3791,3690
Melibiose_2_Minor::C05402,457,551,579,239,293,289,163,247,223,206,195,223,138,188,194,117,174,234,188,222,266,98,100,108,115,120,169,128,193,255
Cyanine::,0,30517,37476,2,2,31650,29934,2,31413,2,2,2,30447,2,28817,33340,0,3,2,3,2,2,2,2,2,0,2,32001,28712,2
Epigallo catechin::C12136,46937,40702,49986,43891,34772,42383,39950,34295,42937,37504,40645,40757,40301,37841,39064,43262,37537,42902,42671,44093,40146,39741,41094,34667,35517,36534,35355,42428,39053,39656
Epigallo catechin_like,0,2,3,2,2,2,2,2,2,2,2,0,2,2,2,2,0,3,2,3,0,2,3,0,2,2,2,2,2,2
Unknown_104_Organic acid like,2,2,3,2,33978,2,38620,32533,2,35165,39262,2,39212,36400,2,2,35126,41111,40211,41782,37697,37107,38477,30332,32118,32949,31561,2,2,38438
Unknown_105_Sugar like,182,178,218,134,116,107,122,124,121,209,176,194,131,135,138,157,199,204,123,120,127,184,180,176,156,149,138,70,65,88
Kaempferol::C05903,0,19,40,0,30,50,2,31,43,2,28,49,2,29,46,6,43,51,9,55,44,11,51,3191,18,40,77,16,41,65
Unknown_106_Organic acid like,138,129,115,95,100,89,77,80,77,95,99,111,97,92,89,68,76,76,145,167,168,135,144,2,83,79,84,92,100,98
Unknown_107,442,463,466,347,349,350,297,321,308,380,362,384,352,359,351,277,332,339,549,563,585,478,503,502,327,315,319,319,339,339
Unknown_108,967,938,1026,829,783,796,922,899,819,790,741,813,663,710,716,697,856,799,1112,1102,1194,931,955,1085,740,735,698,339,365,354
Unknown_109_Organic acid like,96,114,119,102,91,96,116,115,100,105,82,103,81,78,103,74,101,100,146,129,154,111,124,118,92,78,79,21,24,31
Unknown_110,1124,1170,1144,904,928,896,914,957,866,1058,1051,979,898,934,898,932,1008,1011,1121,1069,1143,1113,1147,1117,960,897,866,1175,1271,1223
Unknown_111,877,910,890,687,719,712,711,731,670,814,828,770,689,729,689,735,783,795,848,825,901,859,903,922,741,698,670,915,1000,953
Unknown_112,1700,1687,1867,1465,1454,1300,1088,1240,1203,1676,1726,1591,1158,1221,1195,1431,1632,1722,1282,1254,1273,1273,1262,1481,1264,1275,1256,653,671,731
Unknown_113_Organic acid like,50,53,63,36,70,43,20,41,63,36,53,51,39,52,42,71,58,63,47,76,50,49,60,1847,45,50,45,36,32,36
Unknown_114_Organic acid like,214,212,225,177,154,129,141,137,122,143,113,130,107,92,98,151,172,162,252,238,247,125,124,10,111,111,90,144,139,174
Raffinose::C00492,564,565,522,723,673,662,763,807,658,845,779,831,896,871,805,794,858,870,978,1003,1054,872,837,1021,1216,1221,1320,1239,1210,1097
Unknown_115_Organic acid like,64,81,81,58,67,63,106,100,96,102,93,98,83,88,68,96,114,99,125,119,106,213,193,202,157,154,143,142,122,141
Unknown_116_Sugar phosphate like,2,2,3,2,2,3542,2,2,3161,2,2,2,2,2255,3328,2,2,867,2,3306,2,2,2,3977,2,2,2,2,2941,3219
