"","L1-1","L1-2","L1-3","L1-4","L1-5","L2-1","L2-2","L2-3","L2-4","L2-5"
"Label","0","0","0","0","0","12","12","12","12","12"
"gamma-Glu-Cys","0.00213","0.00212","0.00115","0.00112","0.00076","0.00050","0.00046","0.00076","0.00037","0.00022"
"gamma-Glu-2-aminobutyric acid","3e-05","4e-05","4e-05","0e+00","0e+00","7e-05","7e-05","1e-04","5e-05","4e-05"
"gamma-Butyrobetaine","0.00225","0.00220","0.00193","0.00154","0.00143","0.00153","0.00110","0.00110","0.00093","0.00113"
"beta-Ala","0.00698","0.01274","0.00995","0.00762","0.00626","0.01778","0.01317","0.01042","0.01232","0.01408"
"Xanthosine","0.00204","0.00138","0.00053","0.00076","0.00093","0.00099","0.00058","0.00043","0.00051","0.00035"
"Xanthopterin","0.00012","0.00010","0.00009","0.00008","0.00005","0.00000","0.00003","0.00004","0.00004","0.00000"
"Xanthine","0.00834","0.00506","0.00427","0.00605","0.00547","0.00903","0.00824","0.00566","0.00785","0.00731"
"Val","0.02848","0.04297","0.03943","0.04423","0.04475","0.03792","0.03474","0.03678","0.02622","0.03029"
"UTP","2e-05","2e-05","4e-05","3e-05","6e-05","2e-05","1e-05","0e+00","2e-05","2e-05"
"Urocanic acid","0.00002","0.00002","0.00002","0.00002","0.00000","0.00018","0.00004","0.00003","0.00005","0.00004"
"Uridine","0.00929","0.01070","0.00681","0.00663","0.00704","0.00643","0.00649","0.00672","0.00611","0.00524"
"Uric acid","0.00183","0.00359","0.00220","0.00225","0.00311","0.00240","0.00242","0.00224","0.00351","0.00258"
"Urea","0.14336","0.20963","0.20260","0.15643","0.13072","0.14257","0.10548","0.11282","0.13681","0.13154"
"Uracil","0.00148","0.00170","0.00114","0.00108","0.00118","0.00113","0.00111","0.00120","0.00109","0.00101"
"UMP","0.00639","0.00657","0.00975","0.00683","0.00913","0.00709","0.00741","0.00999","0.00819","0.00827"
"UDP-N-acetylglucosamine","0.00304","0.00375","0.00497","0.00424","0.00604","0.00576","0.00347","0.00399","0.00326","0.00271"
"UDP-glucuronic acid","4e-05","3e-05","6e-05","4e-05","7e-05","5e-05","4e-05","5e-05","8e-05","8e-05"
"UDP-glucose ; UDP-galactose","0.00353","0.00088","0.00359","0.00721","0.00959","0.00322","0.00289","0.00238","0.00281","0.00213"
"UDP","0.00027","0.00028","0.00030","0.00028","0.00041","0.00028","0.00019","0.00020","0.00021","0.00021"
"Tyr-Glu","1e-04","7e-05","4e-05","4e-05","5e-05","5e-05","2e-05","4e-05","2e-05","2e-05"
"Tyramine","4e-05","2e-05","3e-05","3e-05","4e-05","3e-05","3e-05","3e-05","2e-05","3e-05"
"Tyr","0.01174","0.01396","0.01095","0.01119","0.01177","0.01353","0.01104","0.01149","0.00754","0.00891"
"Trp","0.00346","0.00358","0.00371","0.00372","0.00398","0.00289","0.00311","0.00306","0.00256","0.00281"
"Trimethylamine N-oxide","0.00068","0.00031","0.00043","0.00028","0.00022","0.00003","0.00001","0.00003","0.00005","0.00006"
"Trigonelline","0.00090","0.00216","0.00149","0.00145","0.00082","0.00028","0.00031","0.00036","0.00027","0.00042"
"Triethanolamine","9e-05","4e-05","6e-05","5e-05","5e-05","3e-05","4e-05","4e-05","6e-05","5e-05"
"Trehalose 6-phosphate","5e-05","6e-05","7e-05","6e-05","4e-05","5e-05","4e-05","3e-05","3e-05","4e-05"
"trans-Glutaconic acid ; Itaconic acid","0.00015","0.00022","0.00026","0.00020","0.00011","0.00013","0.00010","0.00013","0.00015","0.00019"
"threo-beta-Methylaspartic acid","0.00015","0.00016","0.00021","0.00014","0.00017","0.00017","0.00018","0.00012","0.00015","0.00019"
"Threonic acid","0.00125","0.00137","0.00141","0.00155","0.00154","0.00115","0.00189","0.00150","0.00156","0.00079"
"Thr-Asp","7e-05","5e-05","5e-05","5e-05","5e-05","5e-05","3e-05","5e-05","2e-05","3e-05"
"Thr","0.01439","0.02472","0.02352","0.02416","0.02360","0.02156","0.02025","0.02405","0.01342","0.01898"
"Thiaproline","0.00028","0.00044","0.00064","0.00087","0.00087","0.00128","0.00160","0.00174","0.00157","0.00258"
"Thiamine phosphate","0.00083","0.00067","0.00080","0.00073","0.00087","0.00127","0.00096","0.00104","0.00088","0.00076"
"Thiamine","0.00058","0.00062","0.00044","0.00044","0.00038","0.00040","0.00037","0.00046","0.00039","0.00037"
"Theobromine","0.08333","0.07477","0.04832","0.04838","0.04617","0.02106","0.01427","0.02490","0.01437","0.00424"
"Taurocholic acid","0.01456","0.01274","0.01939","0.01797","0.02441","0.01296","0.00711","0.01161","0.01128","0.02092"
"Taurine","0.04508","0.04491","0.04451","0.04237","0.03957","0.04626","0.04974","0.03970","0.05005","0.04600"
"Succinic acid","0.03747","0.03289","0.03748","0.03942","0.02637","0.02105","0.01316","0.01807","0.01924","0.02349"
"Suberic acid","0.00003","0.00003","0.00003","0.00000","0.00002","0.00008","0.00014","0.00016","0.00013","0.00015"
"Stachydrine","0.00410","0.00436","0.00521","0.00439","0.00389","0.00254","0.00168","0.00208","0.00147","0.00207"
"Spermine","0.00015","0.00014","0.00011","0.00015","0.00016","0.00006","0.00006","0.00005","0.00004","0.00003"
"Spermidine","0.00138","0.00148","0.00121","0.00162","0.00134","0.00080","0.00074","0.00050","0.00052","0.00045"
"Sorbitol 6-phosphate","3e-05","2e-05","4e-05","3e-05","3e-05","1e-05","0e+00","1e-05","1e-05","0e+00"
"S-Nitrosoglutathione","0e+00","0e+00","4e-05","4e-05","4e-05","3e-05","2e-05","0e+00","0e+00","3e-05"
"S-Methylmethionine","0.00248","0.00251","0.00241","0.00267","0.00214","0.00229","0.00108","0.00169","0.00152","0.00155"
"S-Lactoylglutathione","0.00033","0.00035","0.00038","0.00039","0.00032","0.00018","0.00012","0.00016","0.00015","0.00012"
"Serotonin","0.00013","0.00010","0.00011","0.00011","0.00013","0.00007","0.00013","0.00010","0.00009","0.00008"
"Ser-Glu","0.00025","0.00016","0.00011","0.00014","0.00015","0.00013","0.00009","0.00013","0.00007","0.00008"
"Ser","0.01247","0.01729","0.01876","0.01700","0.02031","0.01379","0.01284","0.01798","0.00879","0.01271"
"Sedoheptulose 7-phosphate","0.00073","0.00110","0.00155","0.00109","0.00119","0.00068","0.00075","0.00096","0.00076","0.00058"
"SDMA","0.00006","0.00005","0.00006","0.00005","0.00005","0.00012","0.00009","0.00008","0.00009","0.00010"
"Sarcosine","0.00232","0.01207","0.01006","0.00920","0.00576","0.00578","0.00173","0.00234","0.00156","0.00445"
"S-Adenosylmethionine","0.00269","0.00079","0.00106","0.00186","0.00294","0.00082","0.00193","0.00260","0.00190","0.00061"
"S-Adenosylhomocysteine","0.00145","0.00409","0.00303","0.00315","0.00267","0.00260","0.00145","0.00190","0.00162","0.00204"
"Saccharopine","0.00058","0.00172","0.00252","0.00120","0.00051","0.00334","0.00055","0.00102","0.00041","0.00176"
"Ribulose 5-phosphate","0.00722","0.00677","0.00645","0.00749","0.00865","0.00704","0.00692","0.00852","0.00786","0.00563"
"Ribulose 1,5-diphosphate","8e-05","6e-05","6e-05","6e-05","8e-05","7e-05","8e-05","7e-05","8e-05","7e-05"
"Ribose 5-phosphate","0.00021","0.00017","0.00018","0.00014","0.00014","0.00014","0.00013","0.00014","0.00018","0.00012"
"Rhein","0.00007","0.00002","0.00006","0.00013","0.00014","0.00005","0.00005","0.00005","0.00006","0.00005"
"Quinolinic acid","0e+00","0e+00","2e-05","1e-05","1e-05","3e-05","2e-05","1e-05","2e-05","3e-05"
"Pyruvic acid","0.00049","0.00063","0.00045","0.00035","0.00020","0.00000","0.00000","0.00000","0.00000","0.00000"
"Pyridoxamine 5'-phosphate","0.00096","0.00099","0.00103","0.00107","0.00125","0.00161","0.00130","0.00136","0.00133","0.00141"
"Pyridoxal","0.00002","0.00000","0.00002","0.00003","0.00004","0.00013","0.00011","0.00009","0.00010","0.00014"
"Pyridine-2-carboxylic acid butyl ester","2e-05","3e-05","4e-05","3e-05","3e-05","3e-05","0e+00","0e+00","3e-05","0e+00"
"Putrescine","0.00011","0.00006","0.00007","0.00005","0.00005","0.00004","0.00005","0.00004","0.00004","0.00003"
"Pterin","0.00004","0.00006","0.00007","0.00010","0.00013","0.00017","0.00008","0.00009","0.00008","0.00008"
"Propionyl CoA_divalent","9e-05","9e-05","6e-05","3e-05","6e-05","8e-05","4e-05","6e-05","7e-05","5e-05"
"Propionic acid","0.00018","0.00018","0.00014","0.00012","0.00010","0.00067","0.00022","0.00020","0.00041","0.00045"
"Pro","0.01768","0.04116","0.03062","0.03343","0.02749","0.02693","0.01979","0.02654","0.01678","0.02517"
"p-Nitrophenyl phosphate","1e-04","9e-05","1e-04","7e-05","9e-05","7e-05","6e-05","7e-05","7e-05","9e-05"
"Pipecolic acid","0.00085","0.00150","0.00169","0.00090","0.00056","0.00114","0.00094","0.00095","0.00077","0.00144"
"Pimelic acid","0e+00","0e+00","0e+00","4e-05","2e-05","5e-05","4e-05","6e-05","4e-05","5e-05"
"Phosphorylcholine","0.04161","0.04462","0.04638","0.03755","0.01984","0.01286","0.01654","0.01036","0.01886","0.02152"
"Phosphoenolpyruvic acid","0.00057","0.00048","0.00038","0.00069","0.00040","0.00020","0.00011","0.00014","0.00017","0.00014"
"Phosphocreatine","0.00000","0.00002","0.00005","0.00003","0.00003","0.00010","0.00005","0.00004","0.00009","0.00014"
"Phenaceturic acid","0.00008","0.00010","0.00013","0.00007","0.00000","0.00006","0.00006","0.00006","0.00006","0.00008"
"Phe","0.01453","0.01798","0.01511","0.01699","0.01974","0.01889","0.01752","0.01849","0.01202","0.01305"
"Pelargonic acid","0.00009","0.00006","0.00013","0.00011","0.00011","0.00020","0.00000","0.00006","0.00019","0.00024"
"Pantothenic acid","0.00021","0.00023","0.00030","0.00021","0.00025","0.00072","0.00072","0.00031","0.00052","0.00082"
"Oxypurinol","0.01218","0.00889","0.00656","0.00908","0.00903","0.01336","0.01268","0.00866","0.01213","0.01144"
"O-Succinylhomoserine","0.00000","0.00002","0.00001","0.00000","0.00003","0.00020","0.00024","0.00030","0.00023","0.00022"
"Ornithine","0.01844","0.04405","0.04237","0.03333","0.02095","0.02177","0.01456","0.01827","0.01183","0.01814"
"Ophthalmic acid","0.00160","0.00313","0.00265","0.00184","0.00157","0.00769","0.01012","0.01019","0.00602","0.00496"
"Octanoyl CoA_divalent","0e+00","0e+00","0e+00","3e-05","2e-05","0e+00","0e+00","0e+00","0e+00","0e+00"
"O-Acetylcarnitine","0.00568","0.00312","0.00631","0.00621","0.00668","0.00130","0.00176","0.00276","0.00340","0.00237"
"omega-N-Methylarginine","0.00003","0.00011","0.00009","0.00005","0.00003","0.00004","0.00003","0.00004","0.00003","0.00003"
"N-Methylproline","2e-05","4e-05","4e-05","3e-05","0e+00","2e-05","0e+00","3e-05","2e-05","2e-05"
"N-Methylglutamic acid","0.00010","0.00003","0.00013","0.00014","0.00012","0.00030","0.00031","0.00034","0.00030","0.00021"
"N-Methylalanine","0e+00","3e-05","4e-05","0e+00","2e-05","3e-05","0e+00","2e-05","2e-05","3e-05"
"Nicotinic acid","0e+00","0e+00","1e-05","2e-05","2e-05","1e-05","2e-05","1e-05","2e-05","2e-05"
"N-Ethylmaleimide_+H2O","6e-05","5e-05","0e+00","5e-05","5e-05","9e-05","8e-05","6e-05","0e+00","0e+00"
"N-Carbamoylaspartic acid","0e+00","0e+00","3e-05","0e+00","0e+00","0e+00","0e+00","0e+00","0e+00","0e+00"
"NADPH_divalent","0.00011","0.00009","0.00021","0.00017","0.00011","0.00007","0.00008","0.00006","0.00009","0.00022"
"NADP+","0.00033","0.00037","0.00062","0.00071","0.00108","0.00053","0.00046","0.00050","0.00104","0.00058"
"NADH","0.00009","0.00007","0.00013","0.00019","0.00012","0.00005","0.00007","0.00005","0.00007","0.00014"
"NAD+","0.00116","0.00125","0.00173","0.00228","0.00358","0.00154","0.00147","0.00136","0.00331","0.00170"
"N-Acetyl-beta-alanine","0.00005","0.00008","0.00005","0.00003","0.00003","0.00014","0.00009","0.00008","0.00010","0.00009"
"N-Acetylphenylalanine","0.00009","0.00009","0.00013","0.00014","0.00014","0.00003","0.00001","0.00005","0.00002","0.00002"
"N-Acetylornithine","0.00047","0.00041","0.00026","0.00035","0.00033","0.00030","0.00022","0.00028","0.00018","0.00018"
"N-Acetylneuraminic acid","0.00014","0.00020","0.00020","0.00014","0.00017","0.00020","0.00012","0.00014","0.00013","0.00012"
"N-Acetylmethionine","0.00009","0.00010","0.00007","0.00009","0.00006","0.00015","0.00011","0.00008","0.00007","0.00006"
"N-Acetylleucine","0.00026","0.00044","0.00068","0.00067","0.00042","0.00027","0.00017","0.00032","0.00021","0.00016"
"N-Acetylhistidine","0.00037","0.00048","0.00050","0.00046","0.00051","0.00046","0.00022","0.00032","0.00027","0.00026"
"N-Acetylglutamic acid","0.00136","0.00362","0.00434","0.00210","0.00140","0.00317","0.00138","0.00167","0.00141","0.00182"
"N-Acetylglucosamine 6-phosphate","0.00021","0.00018","0.00018","0.00018","0.00017","0.00029","0.00031","0.00023","0.00034","0.00034"
"N-Acetylglucosamine 1-phosphate","0.00021","0.00020","0.00023","0.00016","0.00018","0.00025","0.00025","0.00020","0.00027","0.00026"
"N-Acetylglucosamine","0.00084","0.00054","0.00030","0.00049","0.00036","0.00110","0.00133","0.00050","0.00065","0.00082"
"N-Acetylaspartic acid","0e+00","2e-05","9e-05","2e-05","3e-05","3e-05","0e+00","2e-05","5e-05","8e-05"
"N8-Acetylspermidine","2e-05","2e-05","2e-05","2e-05","1e-05","2e-05","1e-05","2e-05","1e-05","1e-05"
"N6-Acetyllysine","0.00011","0.00018","0.00014","0.00012","0.00014","0.00013","0.00011","0.00013","0.00010","0.00012"
"N6,N6,N6-Trimethyllysine","0.00015","0.00015","0.00014","0.00016","0.00025","0.00018","0.00023","0.00016","0.00015","0.00013"
"N5-Ethylglutamine","0.00034","0.00041","0.00036","0.00032","0.00024","0.00028","0.00020","0.00025","0.00020","0.00026"
"N1-Acetylspermidine","6e-05","5e-05","6e-05","4e-05","4e-05","6e-05","6e-05","4e-05","3e-05","4e-05"
"N,N-Dimethylglycine","0.00256","0.00587","0.00601","0.00606","0.00418","0.00366","0.00232","0.00219","0.00238","0.00343"
"myo-Inositol 2-phosphate","0.00022","0.00020","0.00043","0.00049","0.00038","0.00031","0.00026","0.00042","0.00038","0.00031"
"Mucic acid","0e+00","0e+00","0e+00","0e+00","0e+00","0e+00","4e-05","4e-05","4e-05","0e+00"
"Methionine sulfoxide","3e-05","4e-05","5e-05","4e-05","5e-05","8e-05","6e-05","5e-05","2e-05","4e-05"
"Met","0.00467","0.00574","0.00492","0.00477","0.00492","0.00859","0.00736","0.00697","0.00487","0.00704"
"Malic acid","0.07159","0.05573","0.06278","0.03771","0.03022","0.03829","0.02354","0.02927","0.02373","0.02511"
"Lys","0.02923","0.04666","0.04011","0.04235","0.04412","0.04039","0.03024","0.04139","0.02413","0.03162"
"Leu","0.04754","0.05816","0.05107","0.05694","0.06352","0.05978","0.05594","0.06016","0.04101","0.04428"
"Lauric acid","0.00023","0.00026","0.00037","0.00039","0.00048","0.00084","0.00077","0.00074","0.00092","0.00133"
"Lactic acid","0.01220","0.01133","0.00903","0.00889","0.00687","0.00539","0.00292","0.00420","0.00359","0.00237"
"Kynurenine","0.00009","0.00010","0.00013","0.00012","0.00011","0.00028","0.00010","0.00008","0.00006","0.00021"
"Isovaleric acid","0.00000","0.00006","0.00010","0.00010","0.00000","0.00024","0.00000","0.00000","0.00000","0.00011"
"Isopropanolamine","0e+00","3e-05","2e-05","3e-05","2e-05","2e-05","1e-05","2e-05","2e-05","1e-05"
"Isonicotinamide ; Nicotinamide","0.04677","0.04091","0.03771","0.03914","0.04501","0.04525","0.04061","0.04172","0.03577","0.03749"
"Isocitric acid","0.00025","0.00023","0.00024","0.00017","0.00015","0.00015","0.00014","0.00019","0.00009","0.00000"
"Isobutyryl CoA_divalent","0.00004","0.00005","0.00012","0.00013","0.00011","0.00002","0.00000","0.00002","0.00002","0.00002"
"Isobutyric acid ; Butyric acid","0.00008","0.00007","0.00030","0.00029","0.00010","0.00037","0.00006","0.00007","0.00015","0.00021"
"Isobutylamine","0.00014","0.00011","0.00000","0.00011","0.00012","0.00007","0.00011","0.00013","0.00010","0.00013"
"Isethionic acid","0.00055","0.00041","0.00041","0.00034","0.00034","0.00029","0.00038","0.00019","0.00038","0.00023"
"Inosine","0.03955","0.01989","0.01622","0.02593","0.03065","0.02756","0.02803","0.02401","0.02307","0.01986"
"IMP","0.00606","0.00297","0.00423","0.00367","0.00547","0.00587","0.00490","0.00429","0.00468","0.00317"
"Imidazolelactic acid","0.00030","0.00023","0.00025","0.00030","0.00032","0.00032","0.00027","0.00029","0.00027","0.00025"
"Imidazole-4-acetic acid","3e-05","3e-05","5e-05","5e-05","4e-05","5e-05","5e-05","4e-05","4e-05","5e-05"
"Ile","0.02123","0.02895","0.02482","0.03095","0.03307","0.02747","0.02780","0.02877","0.01990","0.02110"
"Hypoxanthine","0.01116","0.00650","0.00646","0.00826","0.00895","0.01497","0.01597","0.00989","0.01160","0.01171"
"Hypotaurine","0.00518","0.02852","0.02809","0.02629","0.01810","0.01993","0.00701","0.00704","0.00646","0.01483"
"Hydroxyproline","0.00154","0.00391","0.00347","0.00321","0.00176","0.00224","0.00138","0.00204","0.00168","0.00212"
"Homovanillic acid","0.00021","0.00045","0.00030","0.00030","0.00025","0.00016","0.00010","0.00009","0.00011","0.00006"
"Homoserine","0.00014","0.00029","0.00026","0.00026","0.00018","0.00016","0.00014","0.00019","0.00012","0.00016"
"Histamine","0.00000","0.00000","0.00027","0.00000","0.00002","0.00001","0.00001","0.00000","0.00014","0.00024"
"His","0.03396","0.03336","0.03213","0.03937","0.04135","0.03412","0.03196","0.03956","0.02386","0.02774"
"Hexylamine","0.00371","0.00304","0.00211","0.00228","0.00248","0.00219","0.00058","0.00106","0.00223","0.00142"
"Hexanoic acid","0.00009","0.00009","0.00030","0.00030","0.00011","0.00019","0.00004","0.00000","0.00013","0.00013"
"Heptanoic acid","0e+00","0e+00","5e-05","4e-05","4e-05","6e-05","0e+00","0e+00","4e-05","4e-05"
"Guanosine","0.00052","0.00025","0.00026","0.00045","0.00055","0.00064","0.00058","0.00053","0.00081","0.00064"
"Guanidoacetic acid","0.00079","0.00109","0.00144","0.00070","0.00079","0.00067","0.00039","0.00056","0.00056","0.00100"
"Guanidinosuccinic acid","0.00159","0.00201","0.00162","0.00106","0.00115","0.00052","0.00028","0.00036","0.00066","0.00037"
"GTP","3e-05","4e-05","6e-05","7e-05","1e-04","4e-05","4e-05","5e-05","4e-05","3e-05"
"GMP","0.00541","0.00511","0.00531","0.00525","0.00623","0.00686","0.00660","0.00689","0.00649","0.00616"
"Gly-Leu","0.00138","0.00139","0.00091","0.00107","0.00108","0.00104","0.00079","0.00088","0.00069","0.00071"
"Gly-Gly","0.00055","0.00048","0.00045","0.00048","0.00058","0.00085","0.00085","0.00083","0.00070","0.00072"
"Glycolic acid","0.00030","0.00027","0.00034","0.00033","0.00024","0.00022","0.00020","0.00018","0.00024","0.00000"
"Glycocholic acid","1e-05","0e+00","0e+00","2e-05","2e-05","2e-05","0e+00","2e-05","1e-05","3e-05"
"Glycerophosphocholine","0.00964","0.00840","0.01079","0.01237","0.01554","0.00204","0.00203","0.00317","0.00303","0.00263"
"Glycerol 3-phosphate","0.03998","0.02249","0.02749","0.03378","0.02919","0.03161","0.02311","0.02529","0.02401","0.01823"
"Glyceric acid","0.00013","0.00009","0.00009","0.00011","0.00009","0.00009","0.00010","0.00010","0.00011","0.00007"
"Glyceraldehyde 3-phosphate","5e-05","0e+00","2e-05","3e-05","3e-05","0e+00","0e+00","0e+00","0e+00","0e+00"
"Gly-Asp","0.00014","0.00015","0.00016","0.00022","0.00029","0.00018","0.00016","0.00024","0.00015","0.00016"
"Gly","0.06469","0.08872","0.07952","0.08596","0.07340","0.08098","0.07492","0.07192","0.07256","0.08053"
"Glutathione (GSSG)_divalent","0.07273","0.08098","0.09971","0.10948","0.11651","0.10178","0.08305","0.09178","0.09104","0.09047"
"Glutathione (GSH)","0.04104","0.03720","0.03394","0.02949","0.01893","0.00927","0.01115","0.01389","0.01099","0.00800"
"Glutaric acid","0.00021","0.00059","0.00084","0.00045","0.00018","0.00055","0.00015","0.00038","0.00016","0.00047"
"Glucuronic acid","0.00025","0.00027","0.00074","0.00058","0.00097","0.00017","0.00020","0.00088","0.00069","0.00031"
"Glucose 6-phosphate","0.00174","0.00168","0.00196","0.00212","0.00146","0.00013","0.00011","0.00028","0.00017","0.00012"
"Glucose 1-phosphate","0.00209","0.00255","0.00158","0.00182","0.00161","0.00025","0.00021","0.00035","0.00033","0.00019"
"Glucosamine","0.00108","0.00071","0.00055","0.00061","0.00058","0.00046","0.00024","0.00031","0.00016","0.00011"
"Gluconic acid","0.02608","0.01553","0.01446","0.01389","0.01674","0.02994","0.02055","0.01965","0.02090","0.02473"
"Glucaric acid","4e-05","0e+00","2e-05","2e-05","3e-05","0e+00","4e-05","4e-05","3e-05","3e-05"
"Glu","0.08546","0.06318","0.08319","0.06112","0.05197","0.08056","0.07615","0.08704","0.06283","0.09175"
"Gln","0.00990","0.00768","0.00733","0.00896","0.01059","0.00583","0.00756","0.00840","0.00689","0.00478"
"GDP-mannose ; GDP-galactose","0.00022","0.00023","0.00019","0.00021","0.00022","0.00007","0.00009","0.00013","0.00010","0.00009"
"GDP","0.00027","0.00026","0.00032","0.00031","0.00035","0.00041","0.00033","0.00034","0.00037","0.00036"
"Ganciclovir","0.00778","0.00914","0.00545","0.00592","0.00425","0.00342","0.00261","0.00440","0.00257","0.00115"
"GABA","0.00280","0.00364","0.00291","0.00200","0.00156","0.00174","0.00099","0.00112","0.00102","0.00113"
"Fumaric acid","0.00825","0.00710","0.00872","0.00466","0.00447","0.00621","0.00331","0.00411","0.00365","0.00422"
"Fructose 6-phosphate","0.00039","0.00041","0.00040","0.00056","0.00037","0.00005","0.00004","0.00009","0.00007","0.00005"
"Fructose 1,6-diphosphate","0.00112","0.00030","0.00074","0.00223","0.00209","0.00024","0.00020","0.00028","0.00032","0.00018"
"FAD_divalent","0.00065","0.00063","0.00080","0.00076","0.00089","0.00103","0.00074","0.00081","0.00093","0.00084"
"Ethanolamine phosphate","0.00235","0.00245","0.00307","0.00222","0.00330","0.00531","0.00568","0.00542","0.00607","0.00632"
"Ergothioneine","0.00614","0.00684","0.00667","0.00701","0.00654","0.00689","0.00707","0.00565","0.00734","0.00694"
"Ectoine","0.00029","0.00143","0.00135","0.00074","0.00036","0.00010","0.00017","0.00017","0.00031","0.00038"
"Dyphylline","0.00152","0.00115","0.00090","0.00116","0.00116","0.00074","0.00064","0.00082","0.00045","0.00030"
"dTTP","0e+00","0e+00","2e-05","0e+00","0e+00","0e+00","0e+00","0e+00","0e+00","0e+00"
"Dihydroxyacetone phosphate","0.00069","0.00028","0.00035","0.00055","0.00049","0.00015","0.00015","0.00018","0.00014","0.00009"
"Diethanolamine","7e-05","5e-05","6e-05","5e-05","6e-05","5e-05","6e-05","5e-05","5e-05","5e-05"
"Cytosine","1e-05","1e-05","1e-05","1e-05","0e+00","1e-05","1e-05","2e-05","2e-05","2e-05"
"Cytidine","0.00008","0.00009","0.00014","0.00010","0.00018","0.00011","0.00017","0.00018","0.00020","0.00027"
"Cysteinesulfinic acid","1e-05","4e-05","3e-05","3e-05","2e-05","3e-05","1e-05","0e+00","2e-05","4e-05"
"Cysteine glutathione disulphide","0.00035","0.00054","0.00051","0.00051","0.00072","0.00064","0.00037","0.00036","0.00037","0.00042"
"Cysteic acid","2e-05","4e-05","2e-05","1e-05","1e-05","1e-05","1e-05","1e-05","0e+00","0e+00"
"Cystathionine","0.00108","0.00606","0.00554","0.00499","0.00261","0.00252","0.00144","0.00211","0.00114","0.00305"
"Cys","0.00134","0.00175","0.00115","0.00085","0.00048","0.00026","0.00032","0.00033","0.00028","0.00022"
"Cyclohexylamine","0.00019","0.00014","0.00011","0.00012","0.00012","0.00011","0.00009","0.00012","0.00012","0.00012"
"Creatinine","0.00029","0.00030","0.00030","0.00031","0.00024","0.00029","0.00028","0.00023","0.00031","0.00034"
"Creatine","0.01526","0.01739","0.02797","0.01634","0.01539","0.02834","0.02180","0.02050","0.02312","0.03383"
"CoA_divalent","0.00222","0.00181","0.00235","0.00218","0.00163","0.00165","0.00117","0.00154","0.00151","0.00197"
"CMP-N-acetylneuraminate","0.00116","0.00139","0.00168","0.00170","0.00235","0.00157","0.00135","0.00157","0.00140","0.00097"
"CMP","0.00035","0.00034","0.00051","0.00052","0.00052","0.00042","0.00041","0.00044","0.00048","0.00063"
"Citrulline","0.00095","0.00248","0.00221","0.00155","0.00144","0.00142","0.00108","0.00107","0.00103","0.00200"
"Citric acid","0.00182","0.00372","0.00469","0.00128","0.00205","0.00116","0.00119","0.00174","0.00169","0.00114"
"cis-Aconitic acid","0.00008","0.00011","0.00009","0.00000","0.00000","0.00000","0.00000","0.00000","0.00000","0.00000"
"Choline","0.02410","0.03401","0.03952","0.04470","0.04459","0.07312","0.07817","0.05364","0.08028","0.07909"
"Cholic acid","0.00010","0.00009","0.00006","0.00006","0.00011","0.00094","0.00033","0.00037","0.00032","0.00084"
"CDP-choline","0.00024","0.00038","0.00028","0.00024","0.00034","0.00048","0.00041","0.00038","0.00041","0.00036"
"CDP","2e-05","0e+00","2e-05","3e-05","3e-05","2e-05","2e-05","0e+00","2e-05","0e+00"
"Carnosine","0.00019","0.00014","0.00009","0.00009","0.00009","0.00023","0.00013","0.00016","0.00008","0.00011"
"Carnitine","0.02443","0.02304","0.02363","0.02035","0.02008","0.05331","0.04545","0.04252","0.04232","0.05052"
"Carboxymethyllysine","4e-05","5e-05","4e-05","5e-05","5e-05","4e-05","4e-05","4e-05","5e-05","4e-05"
"Betonicine","5e-05","6e-05","5e-05","6e-05","5e-05","0e+00","0e+00","0e+00","0e+00","0e+00"
"Betaine aldehyde_+H2O","0.00071","0.00073","0.00083","0.00081","0.00118","0.00145","0.00120","0.00096","0.00122","0.00108"
"Betaine","0.07356","0.06357","0.07932","0.09045","0.10405","0.07350","0.05244","0.06703","0.05759","0.06275"
"Benzoic acid","0.00010","0.00008","0.00010","0.00008","0.00008","0.00008","0.00011","0.00008","0.00009","0.00012"
"ATP","0.00100","0.00108","0.00182","0.00164","0.00300","0.00086","0.00072","0.00082","0.00122","0.00075"
"Asp","0.02058","0.02358","0.03154","0.02776","0.02287","0.03608","0.03237","0.03819","0.02777","0.04380"
"Asn","0.00667","0.00743","0.00572","0.00770","0.00809","0.00678","0.00647","0.00676","0.00478","0.00522"
"Ascorbic acid","0.00813","0.00971","0.00999","0.00752","0.00339","0.00351","0.00381","0.00157","0.00281","0.00805"
"Argininosuccinic acid","0.00030","0.00063","0.00075","0.00057","0.00050","0.00023","0.00019","0.00020","0.00017","0.00021"
"Arg-Glu","0.00023","0.00028","0.00012","0.00018","0.00014","0.00018","0.00014","0.00014","0.00007","0.00008"
"Arg","0.00035","0.00041","0.00040","0.00034","0.00029","0.00019","0.00020","0.00032","0.00014","0.00017"
"Anthranilic acid","0e+00","1e-05","1e-05","2e-05","0e+00","2e-05","0e+00","0e+00","1e-05","2e-05"
"AMP","0.02831","0.03692","0.03972","0.03543","0.03754","0.04181","0.03882","0.04070","0.04737","0.04263"
"Ala-Ala","0.00081","0.00064","0.00032","0.00029","0.00028","0.00058","0.00048","0.00057","0.00027","0.00029"
"Ala","0.00486","0.00738","0.00649","0.00676","0.00505","0.00477","0.00289","0.00470","0.00297","0.00351"
"ADP-ribose","0.00391","0.00363","0.00267","0.00216","0.00373","0.00233","0.00202","0.00227","0.00151","0.00139"
"ADP-glucose ; GDP-fucose","0.00013","0.00007","0.00008","0.00009","0.00008","0.00009","0.00007","0.00007","0.00006","0.00007"
"ADP","0.00600","0.00633","0.00811","0.00728","0.01083","0.00629","0.00545","0.00638","0.00749","0.00600"
"ADMA","0.00010","0.00018","0.00016","0.00014","0.00012","0.00019","0.00014","0.00024","0.00014","0.00014"
"Adipic acid","0.00010","0.00011","0.00010","0.00010","0.00000","0.00039","0.00065","0.00057","0.00059","0.00052"
"Adenylosuccinic acid","0.00143","0.00165","0.00259","0.00259","0.00181","0.00209","0.00160","0.00229","0.00162","0.00227"
"Adenosine","0.00141","0.00160","0.00236","0.00174","0.00262","0.00306","0.00321","0.00270","0.00371","0.00391"
"Adenine","0.00023","0.00031","0.00037","0.00047","0.00053","0.00058","0.00054","0.00061","0.00081","0.00077"
"Acetyl CoA_divalent","0.00005","0.00003","0.00007","0.00016","0.00018","0.00000","0.00000","0.00001","0.00004","0.00002"
"Acetoacetamide","4e-05","7e-05","6e-05","5e-05","3e-05","0e+00","2e-05","0e+00","0e+00","2e-05"
"7,8-Dihydrobiopterin","0.00008","0.00009","0.00010","0.00009","0.00010","0.00011","0.00012","0.00013","0.00012","0.00014"
"6-Phosphogluconic acid","0.00055","0.00055","0.00077","0.00089","0.00072","0.00018","0.00014","0.00038","0.00013","0.00012"
"6-Hydroxyhexanoic acid","7e-05","4e-05","7e-05","6e-05","3e-05","5e-05","2e-05","3e-05","3e-05","4e-05"
"6-Aminohexanoic acid","3e-05","6e-05","5e-05","5e-05","5e-05","7e-05","4e-05","3e-05","5e-05","6e-05"
"5-Oxoproline","0.00139","0.00154","0.00136","0.00098","0.00099","0.00251","0.00324","0.00197","0.00203","0.00177"
"5-Oxohexanoic acid","4e-05","0e+00","0e+00","0e+00","0e+00","0e+00","0e+00","0e+00","0e+00","0e+00"
"5-Oxo-2-tetrahydrofurancarboxylic acid","0e+00","4e-05","3e-05","3e-05","0e+00","2e-05","0e+00","0e+00","0e+00","0e+00"
"5-Methyltetrahydrofolic acid","3e-05","3e-05","2e-05","0e+00","0e+00","3e-05","3e-05","2e-05","0e+00","3e-05"
"5-Methoxyindoleacetic acid","0e+00","2e-05","2e-05","0e+00","0e+00","0e+00","0e+00","0e+00","0e+00","0e+00"
"5'-Deoxy-5'-methylthioadenosine","0.00012","0.00005","0.00007","0.00013","0.00017","0.00007","0.00015","0.00019","0.00015","0.00008"
"5-Aminovaleric acid","0.00482","0.00695","0.00539","0.00497","0.00314","0.00248","0.00152","0.00180","0.00148","0.00181"
"5-Aminoimidazole-4-carboxamide ribotide","7e-05","5e-05","4e-05","3e-05","5e-05","6e-05","4e-05","4e-05","7e-05","4e-05"
"5,6,7,8-Tetrahydrobiopterin","2e-05","2e-05","3e-05","0e+00","0e+00","0e+00","0e+00","0e+00","0e+00","0e+00"
"4-Guanidinobutyric acid","0.00081","0.00372","0.00351","0.00203","0.00127","0.00032","0.00047","0.00088","0.00101","0.00131"
"4-Amino-3-hydroxybutyric acid","5e-05","6e-05","5e-05","5e-05","5e-05","6e-05","4e-05","5e-05","5e-05","4e-05"
"3-Ureidopropionic acid","5e-05","4e-05","5e-05","4e-05","3e-05","0e+00","4e-05","4e-05","6e-05","6e-05"
"3-Phosphoglyceric acid","0.00272","0.00200","0.00181","0.00320","0.00208","0.00078","0.00058","0.00061","0.00109","0.00082"
"3-Indoxylsulfuric acid","0.00005","0.00011","0.00013","0.00008","0.00005","0.00003","0.00005","0.00005","0.00008","0.00011"
"3-Hydroxybutyric acid","0.00876","0.00505","0.00626","0.00584","0.00518","0.01689","0.02329","0.01493","0.01737","0.01708"
"3-Hydroxy-3-methylglutaric acid","0.00000","0.00000","0.00000","0.00005","0.00006","0.00018","0.00036","0.00059","0.00029","0.00022"
"3'-Dephospho CoA","0.00025","0.00020","0.00015","0.00012","0.00013","0.00013","0.00009","0.00013","0.00006","0.00015"
"3-Aminoisobutyric acid","0.00087","0.00142","0.00123","0.00086","0.00070","0.00196","0.00125","0.00183","0.00129","0.00201"
"3-Aminobutyric acid","0.00029","0.00033","0.00035","0.00031","0.00042","0.00280","0.00309","0.00227","0.00243","0.00247"
"3',5'-ADP","0.00027","0.00038","0.00067","0.00047","0.00086","0.00121","0.00122","0.00153","0.00097","0.00115"
"2-Phosphoglyceric acid","0.00023","0.00018","0.00015","0.00027","0.00016","0.00008","0.00006","0.00007","0.00010","0.00010"
"2-Methylserine","0.00010","0.00015","0.00010","0.00013","0.00005","0.00008","0.00007","0.00006","0.00006","0.00007"
"2-Hydroxyvaleric acid","0.00026","0.00022","0.00026","0.00025","0.00019","0.00042","0.00040","0.00030","0.00030","0.00037"
"2-Hydroxyisobutyric acid","0.00017","0.00015","0.00000","0.00000","0.00016","0.00035","0.00042","0.00028","0.00028","0.00023"
"2-Hydroxybutyric acid","0.00171","0.00456","0.00407","0.00235","0.00135","0.00403","0.00255","0.00232","0.00209","0.00274"
"2-Hydroxy-4-methylvaleric acid","0.00012","0.00008","0.00009","0.00008","0.00006","0.00010","0.00010","0.00008","0.00008","0.00009"
"2-Deoxyglucose 6-phosphate","0.00009","0.00010","0.00010","0.00010","0.00011","0.00017","0.00014","0.00011","0.00013","0.00018"
"2-Aminobutyric acid","0.00230","0.00684","0.00534","0.00338","0.00230","0.00969","0.01100","0.01003","0.00657","0.00868"
"2-Aminoadipic acid","0.00179","0.01495","0.01269","0.00387","0.00000","0.01108","0.00202","0.00570","0.00151","0.01237"
"2,6-Diaminopimelic acid","0e+00","0e+00","0e+00","2e-05","0e+00","4e-05","3e-05","4e-05","3e-05","3e-05"
"2,4-Diaminobutyric acid","0.00011","0.00010","0.00010","0.00011","0.00008","0.00008","0.00005","0.00008","0.00006","0.00008"
"2,3-Diphosphoglyceric acid","0.00083","0.00087","0.00091","0.00123","0.00122","0.00029","0.00118","0.00065","0.00059","0.00041"
"2,3-Diaminopropionic acid","4e-05","4e-05","3e-05","7e-05","4e-05","6e-05","3e-05","6e-05","0e+00","0e+00"
"1-Pyrroline 5-carboxylic acid","3e-05","7e-05","8e-05","0e+00","2e-05","3e-05","2e-05","4e-05","2e-05","4e-05"
"1-Methylnicotinamide","0.00113","0.00055","0.00044","0.00034","0.00065","0.00050","0.00082","0.00057","0.00066","0.00032"
"1-Methylhistidine ; 3-Methylhistidine","0.00081","0.00089","0.00100","0.00086","0.00059","0.00122","0.00122","0.00105","0.00093","0.00099"
"1-Methylhistamine","2e-05","1e-05","3e-05","1e-05","1e-05","1e-05","2e-05","1e-05","2e-05","3e-05"
"1-Methyladenosine","3e-05","3e-05","4e-05","4e-05","5e-05","5e-05","7e-05","6e-05","4e-05","6e-05"
"1-Methyl-4-imidazoleacetic acid","0.00010","0.00008","0.00011","0.00008","0.00007","0.00018","0.00015","0.00014","0.00021","0.00018"
"1-Methyl-2-pyrrolidone","0.00070","0.00055","0.00067","0.00046","0.00062","0.00060","0.00000","0.00000","0.00064","0.00047"
"1H-Imidazole-4-propionic acid","0.00012","0.00015","0.00008","0.00011","0.00003","0.00010","0.00004","0.00003","0.00005","0.00007"
